DROP DATABASE IF exists hemija;
CREATE DATABASE hemija;

USE hemija;

CREATE TABLE laboratorija(
	id_lab INT NOT NULL AUTO_INCREMENT,
    naziv VARCHAR(100) NOT NULL,
    lokacija VARCHAR(100) NOT NULL,
    specijalizacija VARCHAR(100) NOT NULL,
    
    PRIMARY KEY(id_lab)
);

CREATE TABLE resurs(
	id_resurs INT NOT NULL AUTO_INCREMENT,
    naziv VARCHAR(100) NOT NULL,
    opis VARCHAR(100) NOT NULL,
    agregatno_stanje VARCHAR(100) NOT NULL,
    reaktivnost VARCHAR(100),
    opasnost VARCHAR(100),
    
    PRIMARY KEY(id_resurs)
);

CREATE TABLE lab_resurs(
	id_lab INT NOT NULL,
    id_resurs INT NOT NULL,
    kolicina DECIMAL(10,2) NOT NULL,
    
    PRIMARY KEY(id_lab, id_resurs),
    
    FOREIGN KEY(id_lab)
		REFERENCES laboratorija(id_lab)
        ON UPDATE CASCADE
        ON DELETE CASCADE,
        
	FOREIGN KEY(id_resurs)
		REFERENCES resurs(id_resurs)
        ON UPDATE CASCADE
        ON DELETE CASCADE
);

CREATE TABLE tip_alata(
	id_tip INT NOT NULL AUTO_INCREMENT,
    naziv VARCHAR(100) NOT NULL,
    opis VARCHAR(100) NOT NULL,
    
    PRIMARY KEY(id_tip)
);

CREATE TABLE alat(
	id_alat INT NOT NULL AUTO_INCREMENT,
    id_tip INT NOT NULL,
	id_lab INT NOT NULL,
	datum_nabavke DATE NOT NULL,
    datum_proizvodnje DATE,
    
    PRIMARY KEY(id_alat),
    
    FOREIGN KEY(id_tip)
		REFERENCES tip_alata(id_tip)
		ON UPDATE CASCADE
        ON DELETE RESTRICT,
        
    FOREIGN KEY(id_lab)
		REFERENCES laboratorija(id_lab)
        ON UPDATE CASCADE
        ON DELETE RESTRICT
);

CREATE TABLE istrazivac(
	id_istrazivac INT NOT NULL AUTO_INCREMENT,
    ime VARCHAR(100) NOT NULL,
    prezime VARCHAR(100) NOT NULL,
    kvalifikacija VARCHAR(100) NOT NULL,
    
    vrsta ENUM('dizajner','izvodjac','oba') NOT NULL,
    
    PRIMARY KEY(id_istrazivac)
);

CREATE TABLE teorija(
	id_teorija INT NOT NULL AUTO_INCREMENT,
    naziv VARCHAR(100) NOT NULL,
    identifikator VARCHAR(100) NOT NULL,
    opis VARCHAR(100) NOT NULL,
    
    PRIMARY KEY(id_teorija)
);

CREATE TABLE eksperiment(
	id_eksperiment INT NOT NULL AUTO_INCREMENT,
    id_teorija INT NOT NULL,
    naziv VARCHAR(100) NOT NULL,
    tip VARCHAR(100) NOT NULL,
    cilj VARCHAR(100) NOT NULL,
    
    PRIMARY KEY(id_eksperiment),
    
    FOREIGN KEY(id_teorija)
		REFERENCES teorija(id_teorija)
        ON UPDATE CASCADE
        ON DELETE RESTRICT
);

CREATE TABLE eksperiment_resurs(
	id_eksperiment INT NOT NULL,
    id_resurs INT NOT NULL,
    
    PRIMARY KEY(id_eksperiment, id_resurs),
    
    FOREIGN KEY(id_eksperiment)
		REFERENCES eksperiment(id_eksperiment)
        ON UPDATE CASCADE
        ON DELETE CASCADE,
        
	FOREIGN KEY(id_resurs)
		REFERENCES resurs(id_resurs)
        ON UPDATE CASCADE
        ON DELETE CASCADE
);

CREATE TABLE eksperiment_alat(
	id_eksperiment INT NOT NULL,
    id_alat INT NOT NULL,
    
    PRIMARY KEY(id_eksperiment, id_alat),
    
    FOREIGN KEY(id_eksperiment)
		REFERENCES eksperiment(id_eksperiment)
        ON UPDATE CASCADE
        ON DELETE CASCADE,
        
	FOREIGN KEY(id_alat)
		REFERENCES alat(id_alat)
        ON UPDATE CASCADE
        ON DELETE CASCADE
);

CREATE TABLE dizajner(
	id_eksperiment INT NOT NULL,
    id_istrazivac INT NOT NULL,
   
    PRIMARY KEY(id_eksperiment, id_istrazivac),
   
    FOREIGN KEY(id_eksperiment)
		REFERENCES eksperiment(id_eksperiment)
        ON UPDATE CASCADE
        ON DELETE CASCADE,
        
	FOREIGN KEY(id_istrazivac)
		REFERENCES istrazivac(id_istrazivac)
        ON UPDATE CASCADE
        ON DELETE CASCADE
);

CREATE TABLE izvodjenje(
	id_izvodjenje INT NOT NULL AUTO_INCREMENT,
    id_eksperiment INT NOT NULL,
	id_lab INT NOT NULL,
    datum DATE NOT NULL,
    
    status ENUM(
				'planirano',
				'zapoceto',
                'otkazano',
                'zavrseno_uspesno',
                'zavrseno_neuspesno'
                ) NOT NULL,
    
   PRIMARY KEY(id_izvodjenje),
   
   FOREIGN KEY(id_eksperiment)
		REFERENCES eksperiment(id_eksperiment)
        ON UPDATE CASCADE
        ON DELETE RESTRICT,
        
	FOREIGN KEY(id_lab)
		REFERENCES laboratorija(id_lab)
        ON UPDATE CASCADE
        ON DELETE RESTRICT
);

CREATE TABLE izvodjac(
	id_izvodjenje INT NOT NULL,
    id_istrazivac INT NOT NULL,
	uloga VARCHAR(100) NOT NULL,
    putanja_belesaka VARCHAR(255),
    
    PRIMARY KEY(id_izvodjenje, id_istrazivac),
   
    FOREIGN KEY(id_izvodjenje)
		REFERENCES izvodjenje(id_izvodjenje)
        ON UPDATE CASCADE
        ON DELETE CASCADE,
        
	FOREIGN KEY(id_istrazivac)
		REFERENCES istrazivac(id_istrazivac)
        ON UPDATE CASCADE
        ON DELETE CASCADE
);

CREATE TABLE sesija(
	id_sesija INT NOT NULL AUTO_INCREMENT,
	id_izvodjenje INT NOT NULL,
	datum DATE NOT NULL,
    
    vreme_pocetka TIME NOT NULL,
    vreme_zavrsetka TIME NOT NULL,
    
    PRIMARY KEY(id_sesija),
   
    FOREIGN KEY(id_izvodjenje)
		REFERENCES izvodjenje(id_izvodjenje)
        ON UPDATE CASCADE
        ON DELETE CASCADE
);
-- INSERT PODACI ZA BAZU hemija
-- 1. LABORATORIJA
INSERT INTO laboratorija(naziv, lokacija, specijalizacija) VALUES
('Centralna laboratorija za organsku sintezu', 'Beograd, blok 1, prostorija H-200', 'Specijalizacija za organsku sintezu - program 001'),
('Laboratorija za analizu vodenih uzoraka', 'Novi Sad, blok 2, prostorija H-201', 'Specijalizacija za neorganske materijale - program 002'),
('Laboratorija za kiselo-bazne reakcije', 'Nis, blok 3, prostorija H-202', 'Specijalizacija za analiticku kontrolu - program 003'),
('Laboratorija za redoks procese', 'Kragujevac, blok 4, prostorija H-203', 'Specijalizacija za biohemijske procese - program 004'),
('Laboratorija za spektrofotometriju', 'Subotica, blok 5, prostorija H-204', 'Specijalizacija za fizickohemijska merenja - program 005'),
('Laboratorija za hromatografsku analizu', 'Pancevo, blok 6, prostorija H-205', 'Specijalizacija za elektrohemiju - program 006'),
('Laboratorija za elektrohemijska merenja', 'Cacak, blok 7, prostorija H-206', 'Specijalizacija za zastitu zivotne sredine - program 007'),
('Laboratorija za termicku analizu', 'Kraljevo, blok 8, prostorija H-207', 'Specijalizacija za farmaceutske formulacije - program 008'),
('Laboratorija za polimerne materijale', 'Zrenjanin, blok 9, prostorija H-208', 'Specijalizacija za polimerne strukture - program 009'),
('Laboratorija za farmaceutske formulacije', 'Leskovac, blok 10, prostorija H-209', 'Specijalizacija za industrijske procese - program 010'),
('Laboratorija za toksikolosku hemiju', 'Beograd, blok 11, prostorija H-210', 'Specijalizacija za koloidne sisteme - program 011'),
('Laboratorija za biohemijske markere', 'Novi Sad, blok 12, prostorija H-211', 'Specijalizacija za reakcionu kinetiku - program 012'),
('Laboratorija za koloidne sisteme', 'Nis, blok 13, prostorija H-212', 'Specijalizacija za termohemiju - program 013'),
('Laboratorija za koordinaciona jedinjenja', 'Kragujevac, blok 14, prostorija H-213', 'Specijalizacija za medicinsku hemiju - program 014'),
('Laboratorija za ispitivanje rastvorljivosti', 'Subotica, blok 15, prostorija H-214', 'Specijalizacija za forenzicku analizu - program 015'),
('Laboratorija za kataliticke procese', 'Pancevo, blok 16, prostorija H-215', 'Specijalizacija za kvantnohemijske modele - program 016'),
('Laboratorija za kristalizaciju', 'Cacak, blok 17, prostorija H-216', 'Specijalizacija za koordinaciona jedinjenja - program 017'),
('Laboratorija za mikroanalizu', 'Kraljevo, blok 18, prostorija H-217', 'Specijalizacija za povrsinske procese - program 018'),
('Laboratorija za gasnu analizu', 'Zrenjanin, blok 19, prostorija H-218', 'Specijalizacija za nuklearnohemijske uzorke - program 019'),
('Laboratorija za pripremu standarda', 'Leskovac, blok 20, prostorija H-219', 'Specijalizacija za hemiju materijala - program 020'),
('Laboratorija za analizu minerala', 'Beograd, blok 21, prostorija H-220', 'Specijalizacija za organsku sintezu - program 021'),
('Laboratorija za ispitivanje korozije', 'Novi Sad, blok 22, prostorija H-221', 'Specijalizacija za neorganske materijale - program 022'),
('Laboratorija za vodonikove reakcije', 'Nis, blok 23, prostorija H-222', 'Specijalizacija za analiticku kontrolu - program 023'),
('Laboratorija za alkalne rastvore', 'Kragujevac, blok 24, prostorija H-223', 'Specijalizacija za biohemijske procese - program 024'),
('Laboratorija za fotometrijska merenja', 'Subotica, blok 25, prostorija H-224', 'Specijalizacija za fizickohemijska merenja - program 025'),
('Laboratorija za separacione metode', 'Pancevo, blok 26, prostorija H-225', 'Specijalizacija za elektrohemiju - program 026'),
('Laboratorija za termogravimetriju', 'Cacak, blok 27, prostorija H-226', 'Specijalizacija za zastitu zivotne sredine - program 027'),
('Laboratorija za organska isparenja', 'Kraljevo, blok 28, prostorija H-227', 'Specijalizacija za farmaceutske formulacije - program 028'),
('Laboratorija za medicinske reagense', 'Zrenjanin, blok 29, prostorija H-228', 'Specijalizacija za polimerne strukture - program 029'),
('Laboratorija za kontrolu kvaliteta hemikalija', 'Leskovac, blok 30, prostorija H-229', 'Specijalizacija za industrijske procese - program 030'),
('Laboratorija za katalizatore', 'Beograd, blok 31, prostorija H-230', 'Specijalizacija za koloidne sisteme - program 031'),
('Laboratorija za jonsku analizu', 'Novi Sad, blok 32, prostorija H-231', 'Specijalizacija za reakcionu kinetiku - program 032'),
('Laboratorija za kristalne strukture', 'Nis, blok 33, prostorija H-232', 'Specijalizacija za termohemiju - program 033'),
('Laboratorija za puferske sisteme', 'Kragujevac, blok 34, prostorija H-233', 'Specijalizacija za medicinsku hemiju - program 034'),
('Laboratorija za oksidacione reakcije', 'Subotica, blok 35, prostorija H-234', 'Specijalizacija za forenzicku analizu - program 035'),
('Laboratorija za redukcione reakcije', 'Pancevo, blok 36, prostorija H-235', 'Specijalizacija za kvantnohemijske modele - program 036'),
('Laboratorija za neutralizacione procese', 'Cacak, blok 37, prostorija H-236', 'Specijalizacija za koordinaciona jedinjenja - program 037'),
('Laboratorija za bioorgansku hemiju', 'Kraljevo, blok 38, prostorija H-237', 'Specijalizacija za povrsinske procese - program 038'),
('Laboratorija za hemiju proteina', 'Zrenjanin, blok 39, prostorija H-238', 'Specijalizacija za nuklearnohemijske uzorke - program 039'),
('Laboratorija za hemiju ugljenih hidrata', 'Leskovac, blok 40, prostorija H-239', 'Specijalizacija za hemiju materijala - program 040'),
('Laboratorija za hemiju lipida', 'Beograd, blok 41, prostorija H-240', 'Specijalizacija za organsku sintezu - program 041'),
('Laboratorija za analizu metala', 'Novi Sad, blok 42, prostorija H-241', 'Specijalizacija za neorganske materijale - program 042'),
('Laboratorija za analizu anjona', 'Nis, blok 43, prostorija H-242', 'Specijalizacija za analiticku kontrolu - program 043'),
('Laboratorija za analizu katjona', 'Kragujevac, blok 44, prostorija H-243', 'Specijalizacija za biohemijske procese - program 044'),
('Laboratorija za industrijske rastvore', 'Subotica, blok 45, prostorija H-244', 'Specijalizacija za fizickohemijska merenja - program 045'),
('Laboratorija za farmakoloske uzorke', 'Pancevo, blok 46, prostorija H-245', 'Specijalizacija za elektrohemiju - program 046'),
('Laboratorija za hemiju polimera', 'Cacak, blok 47, prostorija H-246', 'Specijalizacija za zastitu zivotne sredine - program 047'),
('Laboratorija za hemiju boja', 'Kraljevo, blok 48, prostorija H-247', 'Specijalizacija za farmaceutske formulacije - program 048'),
('Laboratorija za hemiju pigmenata', 'Zrenjanin, blok 49, prostorija H-248', 'Specijalizacija za polimerne strukture - program 049'),
('Laboratorija za hemiju rastvaraca', 'Leskovac, blok 50, prostorija H-249', 'Specijalizacija za industrijske procese - program 050'),
('Laboratorija za hemiju soli', 'Beograd, blok 51, prostorija H-250', 'Specijalizacija za koloidne sisteme - program 051'),
('Laboratorija za hemiju kiselina', 'Novi Sad, blok 52, prostorija H-251', 'Specijalizacija za reakcionu kinetiku - program 052'),
('Laboratorija za hemiju baza', 'Nis, blok 53, prostorija H-252', 'Specijalizacija za termohemiju - program 053'),
('Laboratorija za hemiju gasova', 'Kragujevac, blok 54, prostorija H-253', 'Specijalizacija za medicinsku hemiju - program 054'),
('Laboratorija za hemiju vode', 'Subotica, blok 55, prostorija H-254', 'Specijalizacija za forenzicku analizu - program 055'),
('Laboratorija za hemiju hrane', 'Pancevo, blok 56, prostorija H-255', 'Specijalizacija za kvantnohemijske modele - program 056'),
('Laboratorija za hemiju lekova', 'Cacak, blok 57, prostorija H-256', 'Specijalizacija za koordinaciona jedinjenja - program 057'),
('Laboratorija za hemiju tla', 'Kraljevo, blok 58, prostorija H-257', 'Specijalizacija za povrsinske procese - program 058'),
('Laboratorija za mikrohemijsku analizu', 'Zrenjanin, blok 59, prostorija H-258', 'Specijalizacija za nuklearnohemijske uzorke - program 059'),
('Laboratorija za makrohemijsku analizu', 'Leskovac, blok 60, prostorija H-259', 'Specijalizacija za hemiju materijala - program 060'),
('Laboratorija za pripremu uzoraka', 'Beograd, blok 61, prostorija H-260', 'Specijalizacija za organsku sintezu - program 061'),
('Laboratorija za laboratorijsku bezbednost', 'Novi Sad, blok 62, prostorija H-261', 'Specijalizacija za neorganske materijale - program 062'),
('Laboratorija za visoke temperature', 'Nis, blok 63, prostorija H-262', 'Specijalizacija za analiticku kontrolu - program 063'),
('Laboratorija za niske temperature', 'Kragujevac, blok 64, prostorija H-263', 'Specijalizacija za biohemijske procese - program 064'),
('Laboratorija za atmosfersku hemiju', 'Subotica, blok 65, prostorija H-264', 'Specijalizacija za fizickohemijska merenja - program 065'),
('Laboratorija za analizu otpadnih voda', 'Pancevo, blok 66, prostorija H-265', 'Specijalizacija za elektrohemiju - program 066'),
('Laboratorija za kontrolu pH vrednosti', 'Cacak, blok 67, prostorija H-266', 'Specijalizacija za zastitu zivotne sredine - program 067'),
('Laboratorija za standardizaciju rastvora', 'Kraljevo, blok 68, prostorija H-267', 'Specijalizacija za farmaceutske formulacije - program 068'),
('Laboratorija za hemijsku dokumentaciju', 'Zrenjanin, blok 69, prostorija H-268', 'Specijalizacija za polimerne strukture - program 069'),
('Laboratorija za validaciju metoda', 'Leskovac, blok 70, prostorija H-269', 'Specijalizacija za industrijske procese - program 070'),
('Laboratorija za instrumentalnu kalibraciju', 'Beograd, blok 71, prostorija H-270', 'Specijalizacija za koloidne sisteme - program 071'),
('Laboratorija za razvoj metoda', 'Novi Sad, blok 72, prostorija H-271', 'Specijalizacija za reakcionu kinetiku - program 072'),
('Laboratorija za eksperimente u nastavi', 'Nis, blok 73, prostorija H-272', 'Specijalizacija za termohemiju - program 073'),
('Laboratorija za sintezu kompleksa', 'Kragujevac, blok 74, prostorija H-273', 'Specijalizacija za medicinsku hemiju - program 074'),
('Laboratorija za hemijsku ravnotezu', 'Subotica, blok 75, prostorija H-274', 'Specijalizacija za forenzicku analizu - program 075'),
('Laboratorija za provodljivost elektrolita', 'Pancevo, blok 76, prostorija H-275', 'Specijalizacija za kvantnohemijske modele - program 076'),
('Laboratorija za molekulske modele', 'Cacak, blok 77, prostorija H-276', 'Specijalizacija za koordinaciona jedinjenja - program 077'),
('Laboratorija za ispitivanje taloga', 'Kraljevo, blok 78, prostorija H-277', 'Specijalizacija za povrsinske procese - program 078'),
('Laboratorija za spektroskopiju rastvora', 'Zrenjanin, blok 79, prostorija H-278', 'Specijalizacija za nuklearnohemijske uzorke - program 079'),
('Laboratorija za fotooksidaciju', 'Leskovac, blok 80, prostorija H-279', 'Specijalizacija za hemiju materijala - program 080'),
('Laboratorija za fotoredukciju', 'Beograd, blok 81, prostorija H-280', 'Specijalizacija za organsku sintezu - program 081'),
('Laboratorija za ispitivanje apsorbance', 'Novi Sad, blok 82, prostorija H-281', 'Specijalizacija za neorganske materijale - program 082'),
('Laboratorija za gasne smese', 'Nis, blok 83, prostorija H-282', 'Specijalizacija za analiticku kontrolu - program 083'),
('Laboratorija za reaktivne supstance', 'Kragujevac, blok 84, prostorija H-283', 'Specijalizacija za biohemijske procese - program 084'),
('Laboratorija za stabilnost uzoraka', 'Subotica, blok 85, prostorija H-284', 'Specijalizacija za fizickohemijska merenja - program 085'),
('Laboratorija za hidrolizu', 'Pancevo, blok 86, prostorija H-285', 'Specijalizacija za elektrohemiju - program 086'),
('Laboratorija za esterifikaciju', 'Cacak, blok 87, prostorija H-286', 'Specijalizacija za zastitu zivotne sredine - program 087'),
('Laboratorija za saponifikaciju', 'Kraljevo, blok 88, prostorija H-287', 'Specijalizacija za farmaceutske formulacije - program 088'),
('Laboratorija za kompleksometriju', 'Zrenjanin, blok 89, prostorija H-288', 'Specijalizacija za polimerne strukture - program 089'),
('Laboratorija za jodometriju', 'Leskovac, blok 90, prostorija H-289', 'Specijalizacija za industrijske procese - program 090'),
('Laboratorija za permanganometriju', 'Beograd, blok 91, prostorija H-290', 'Specijalizacija za koloidne sisteme - program 091'),
('Laboratorija za argentometriju', 'Novi Sad, blok 92, prostorija H-291', 'Specijalizacija za reakcionu kinetiku - program 092'),
('Laboratorija za gravimetriju', 'Nis, blok 93, prostorija H-292', 'Specijalizacija za termohemiju - program 093'),
('Laboratorija za termometriju', 'Kragujevac, blok 94, prostorija H-293', 'Specijalizacija za medicinsku hemiju - program 094'),
('Laboratorija za kolorimetriju', 'Subotica, blok 95, prostorija H-294', 'Specijalizacija za forenzicku analizu - program 095'),
('Laboratorija za elektrolizu', 'Pancevo, blok 96, prostorija H-295', 'Specijalizacija za kvantnohemijske modele - program 096'),
('Laboratorija za fermentacione uzorke', 'Cacak, blok 97, prostorija H-296', 'Specijalizacija za koordinaciona jedinjenja - program 097'),
('Laboratorija za bioanalitiku', 'Kraljevo, blok 98, prostorija H-297', 'Specijalizacija za povrsinske procese - program 098'),
('Laboratorija za hemijske senzore', 'Zrenjanin, blok 99, prostorija H-298', 'Specijalizacija za nuklearnohemijske uzorke - program 099'),
('Laboratorija za toksicne supstance', 'Leskovac, blok 100, prostorija H-299', 'Specijalizacija za hemiju materijala - program 100');

-- 2. RESURS
INSERT INTO resurs(naziv, opis, agregatno_stanje, reaktivnost, opasnost) VALUES
('Hlorovodonicna kiselina', 'Jedinstven resurs za titraciju u seriji uzoraka A-001', 'tecno', 'niska', 'bezopasno'),
('Natrijum hidroksid', 'Jedinstven resurs za spektrofotometriju u seriji uzoraka B-002', 'cvrsto', 'srednja', 'zapaljivo'),
('Sumporna kiselina', 'Jedinstven resurs za redoks analizu u seriji uzoraka C-003', 'gasovito', 'visoka', 'toksicno'),
('Azotna kiselina', 'Jedinstven resurs za pH merenje u seriji uzoraka D-004', 'rastvor', 'niska', 'stetno'),
('Sircetna kiselina', 'Jedinstven resurs za precipitaciju u seriji uzoraka E-005', 'prah', 'srednja', 'oksidaciono'),
('Etanol', 'Jedinstven resurs za ekstrakciju u seriji uzoraka F-006', 'tecno', 'visoka', 'iritantno'),
('Metanol', 'Jedinstven resurs za hromatografiju u seriji uzoraka G-007', 'cvrsto', 'niska', 'korozivno'),
('Aceton', 'Jedinstven resurs za kineticko pracenje u seriji uzoraka H-008', 'gasovito', 'srednja', 'bezopasno'),
('Destilovana voda', 'Jedinstven resurs za pufersku pripremu u seriji uzoraka I-009', 'rastvor', 'visoka', 'zapaljivo'),
('Natrijum hlorid', 'Jedinstven resurs za kvalitativnu analizu u seriji uzoraka J-010', 'prah', 'niska', 'toksicno'),
('Bakar sulfat pentahidrat', 'Jedinstven resurs za titraciju u seriji uzoraka K-011', 'tecno', 'srednja', 'stetno'),
('Kalijum permanganat', 'Jedinstven resurs za spektrofotometriju u seriji uzoraka L-012', 'cvrsto', 'visoka', 'oksidaciono'),
('Fenolftalein', 'Jedinstven resurs za redoks analizu u seriji uzoraka M-013', 'gasovito', 'niska', 'iritantno'),
('Metil-oranz', 'Jedinstven resurs za pH merenje u seriji uzoraka N-014', 'rastvor', 'srednja', 'korozivno'),
('Amonijak', 'Jedinstven resurs za precipitaciju u seriji uzoraka O-015', 'prah', 'visoka', 'bezopasno'),
('Srebro nitrat', 'Jedinstven resurs za ekstrakciju u seriji uzoraka P-016', 'tecno', 'niska', 'zapaljivo'),
('Barijum hlorid', 'Jedinstven resurs za hromatografiju u seriji uzoraka Q-017', 'cvrsto', 'srednja', 'toksicno'),
('Kalcijum karbonat', 'Jedinstven resurs za kineticko pracenje u seriji uzoraka R-018', 'gasovito', 'visoka', 'stetno'),
('Glukoza', 'Jedinstven resurs za pufersku pripremu u seriji uzoraka S-019', 'rastvor', 'niska', 'oksidaciono'),
('Skrob', 'Jedinstven resurs za kvalitativnu analizu u seriji uzoraka T-020', 'prah', 'srednja', 'iritantno'),
('Jod', 'Jedinstven resurs za titraciju u seriji uzoraka U-021', 'tecno', 'visoka', 'korozivno'),
('Natrijum tiosulfat', 'Jedinstven resurs za spektrofotometriju u seriji uzoraka V-022', 'cvrsto', 'niska', 'bezopasno'),
('Vodonik-peroksid', 'Jedinstven resurs za redoks analizu u seriji uzoraka W-023', 'gasovito', 'srednja', 'zapaljivo'),
('Gvozdje(III) hlorid', 'Jedinstven resurs za pH merenje u seriji uzoraka X-024', 'rastvor', 'visoka', 'toksicno'),
('Amonijum hlorid', 'Jedinstven resurs za precipitaciju u seriji uzoraka Y-025', 'prah', 'niska', 'stetno'),
('Natrijum karbonat', 'Jedinstven resurs za ekstrakciju u seriji uzoraka Z-026', 'tecno', 'srednja', 'oksidaciono'),
('Kalijum jodid', 'Jedinstven resurs za hromatografiju u seriji uzoraka A-027', 'cvrsto', 'visoka', 'iritantno'),
('Kobalt(II) hlorid', 'Jedinstven resurs za kineticko pracenje u seriji uzoraka B-028', 'gasovito', 'niska', 'korozivno'),
('Niklov(II) sulfat', 'Jedinstven resurs za pufersku pripremu u seriji uzoraka C-029', 'rastvor', 'srednja', 'bezopasno'),
('Limunska kiselina', 'Jedinstven resurs za kvalitativnu analizu u seriji uzoraka D-030', 'prah', 'visoka', 'zapaljivo'),
('Oksalna kiselina', 'Jedinstven resurs za titraciju u seriji uzoraka E-031', 'tecno', 'niska', 'toksicno'),
('Urea', 'Jedinstven resurs za spektrofotometriju u seriji uzoraka F-032', 'cvrsto', 'srednja', 'stetno'),
('Natrijum acetat', 'Jedinstven resurs za redoks analizu u seriji uzoraka G-033', 'gasovito', 'visoka', 'oksidaciono'),
('Kalijum nitrat', 'Jedinstven resurs za pH merenje u seriji uzoraka H-034', 'rastvor', 'niska', 'iritantno'),
('Magnezijum sulfat', 'Jedinstven resurs za precipitaciju u seriji uzoraka I-035', 'prah', 'srednja', 'korozivno'),
('Cink sulfat', 'Jedinstven resurs za ekstrakciju u seriji uzoraka J-036', 'tecno', 'visoka', 'bezopasno'),
('Glicin', 'Jedinstven resurs za hromatografiju u seriji uzoraka K-037', 'cvrsto', 'niska', 'zapaljivo'),
('Saharoza', 'Jedinstven resurs za kineticko pracenje u seriji uzoraka L-038', 'gasovito', 'srednja', 'toksicno'),
('Natrijum borat', 'Jedinstven resurs za pufersku pripremu u seriji uzoraka M-039', 'rastvor', 'visoka', 'stetno'),
('Natrijum hipohlorit', 'Jedinstven resurs za kvalitativnu analizu u seriji uzoraka N-040', 'prah', 'niska', 'oksidaciono'),
('Heksan', 'Jedinstven resurs za titraciju u seriji uzoraka O-041', 'tecno', 'srednja', 'iritantno'),
('Toluen', 'Jedinstven resurs za spektrofotometriju u seriji uzoraka P-042', 'cvrsto', 'visoka', 'korozivno'),
('Glicerol', 'Jedinstven resurs za redoks analizu u seriji uzoraka Q-043', 'gasovito', 'niska', 'bezopasno'),
('Hloroform', 'Jedinstven resurs za pH merenje u seriji uzoraka R-044', 'rastvor', 'srednja', 'zapaljivo'),
('Acetonitril', 'Jedinstven resurs za precipitaciju u seriji uzoraka S-045', 'prah', 'visoka', 'toksicno'),
('EDTA dinatrijum so', 'Jedinstven resurs za ekstrakciju u seriji uzoraka T-046', 'tecno', 'niska', 'stetno'),
('Bromtimol plavo', 'Jedinstven resurs za hromatografiju u seriji uzoraka U-047', 'cvrsto', 'srednja', 'oksidaciono'),
('Kongo crveno', 'Jedinstven resurs za kineticko pracenje u seriji uzoraka V-048', 'gasovito', 'visoka', 'iritantno'),
('Ninhidrin', 'Jedinstven resurs za pufersku pripremu u seriji uzoraka W-049', 'rastvor', 'niska', 'korozivno'),
('Silikagel', 'Jedinstven resurs za kvalitativnu analizu u seriji uzoraka X-050', 'prah', 'srednja', 'bezopasno'),
('Aluminijum oksid', 'Jedinstven resurs za titraciju u seriji uzoraka Y-051', 'tecno', 'visoka', 'zapaljivo'),
('Natrijum nitrit', 'Jedinstven resurs za spektrofotometriju u seriji uzoraka Z-052', 'cvrsto', 'niska', 'toksicno'),
('Kalijum hlorid', 'Jedinstven resurs za redoks analizu u seriji uzoraka A-053', 'gasovito', 'srednja', 'stetno'),
('Kalcijum hlorid', 'Jedinstven resurs za pH merenje u seriji uzoraka B-054', 'rastvor', 'visoka', 'oksidaciono'),
('Amonijum nitrat', 'Jedinstven resurs za precipitaciju u seriji uzoraka C-055', 'prah', 'niska', 'iritantno'),
('Fosforna kiselina', 'Jedinstven resurs za ekstrakciju u seriji uzoraka D-056', 'tecno', 'srednja', 'korozivno'),
('Mravlja kiselina', 'Jedinstven resurs za hromatografiju u seriji uzoraka E-057', 'cvrsto', 'visoka', 'bezopasno'),
('Natrijum fosfat', 'Jedinstven resurs za kineticko pracenje u seriji uzoraka F-058', 'gasovito', 'niska', 'zapaljivo'),
('Kalijum dihidrogen-fosfat', 'Jedinstven resurs za pufersku pripremu u seriji uzoraka G-059', 'rastvor', 'srednja', 'toksicno'),
('Dinatrium hidrogen-fosfat', 'Jedinstven resurs za kvalitativnu analizu u seriji uzoraka H-060', 'prah', 'visoka', 'stetno'),
('Natrijum sulfat', 'Jedinstven resurs za titraciju u seriji uzoraka I-061', 'tecno', 'niska', 'oksidaciono'),
('Gvozdje(II) sulfat', 'Jedinstven resurs za spektrofotometriju u seriji uzoraka J-062', 'cvrsto', 'srednja', 'iritantno'),
('Bakar(II) hlorid', 'Jedinstven resurs za redoks analizu u seriji uzoraka K-063', 'gasovito', 'visoka', 'korozivno'),
('Cink hlorid', 'Jedinstven resurs za pH merenje u seriji uzoraka L-064', 'rastvor', 'niska', 'bezopasno'),
('Natrijum bromid', 'Jedinstven resurs za precipitaciju u seriji uzoraka M-065', 'prah', 'srednja', 'zapaljivo'),
('Kalijum bromid', 'Jedinstven resurs za ekstrakciju u seriji uzoraka N-066', 'tecno', 'visoka', 'toksicno'),
('Litijum hlorid', 'Jedinstven resurs za hromatografiju u seriji uzoraka O-067', 'cvrsto', 'niska', 'stetno'),
('Magnezijum hlorid', 'Jedinstven resurs za kineticko pracenje u seriji uzoraka P-068', 'gasovito', 'srednja', 'oksidaciono'),
('Etil-acetat', 'Jedinstven resurs za pufersku pripremu u seriji uzoraka Q-069', 'rastvor', 'visoka', 'iritantno'),
('Izopropanol', 'Jedinstven resurs za kvalitativnu analizu u seriji uzoraka R-070', 'prah', 'niska', 'korozivno'),
('Butanol', 'Jedinstven resurs za titraciju u seriji uzoraka S-071', 'tecno', 'srednja', 'bezopasno'),
('Anilin', 'Jedinstven resurs za spektrofotometriju u seriji uzoraka T-072', 'cvrsto', 'visoka', 'zapaljivo'),
('Benzoeva kiselina', 'Jedinstven resurs za redoks analizu u seriji uzoraka U-073', 'gasovito', 'niska', 'toksicno'),
('Salicilna kiselina', 'Jedinstven resurs za pH merenje u seriji uzoraka V-074', 'rastvor', 'srednja', 'stetno'),
('Acetilsalicilna kiselina', 'Jedinstven resurs za precipitaciju u seriji uzoraka W-075', 'prah', 'visoka', 'oksidaciono'),
('Kofein standard', 'Jedinstven resurs za ekstrakciju u seriji uzoraka X-076', 'tecno', 'niska', 'iritantno'),
('Askorbinska kiselina', 'Jedinstven resurs za hromatografiju u seriji uzoraka Y-077', 'cvrsto', 'srednja', 'korozivno'),
('Natrijum benzoat', 'Jedinstven resurs za kineticko pracenje u seriji uzoraka Z-078', 'gasovito', 'visoka', 'bezopasno'),
('Kalijum sorbat', 'Jedinstven resurs za pufersku pripremu u seriji uzoraka A-079', 'rastvor', 'niska', 'zapaljivo'),
('Kalcijum oksid', 'Jedinstven resurs za kvalitativnu analizu u seriji uzoraka B-080', 'prah', 'srednja', 'toksicno'),
('Magnezijum oksid', 'Jedinstven resurs za titraciju u seriji uzoraka C-081', 'tecno', 'visoka', 'stetno'),
('Natrijum sulfit', 'Jedinstven resurs za spektrofotometriju u seriji uzoraka D-082', 'cvrsto', 'niska', 'oksidaciono'),
('Natrijum bisulfit', 'Jedinstven resurs za redoks analizu u seriji uzoraka E-083', 'gasovito', 'srednja', 'iritantno'),
('Kalijum ferocijanid', 'Jedinstven resurs za pH merenje u seriji uzoraka F-084', 'rastvor', 'visoka', 'korozivno'),
('Amonijum sulfat', 'Jedinstven resurs za precipitaciju u seriji uzoraka G-085', 'prah', 'niska', 'bezopasno'),
('Benzaldehid', 'Jedinstven resurs za ekstrakciju u seriji uzoraka H-086', 'tecno', 'srednja', 'zapaljivo'),
('Cikloheksan', 'Jedinstven resurs za hromatografiju u seriji uzoraka I-087', 'cvrsto', 'visoka', 'toksicno'),
('Ugljen-disulfid', 'Jedinstven resurs za kineticko pracenje u seriji uzoraka J-088', 'gasovito', 'niska', 'stetno'),
('Natrijum azid', 'Jedinstven resurs za pufersku pripremu u seriji uzoraka K-089', 'rastvor', 'srednja', 'oksidaciono'),
('Tiourea', 'Jedinstven resurs za kvalitativnu analizu u seriji uzoraka L-090', 'prah', 'visoka', 'iritantno'),
('Hidrohinon', 'Jedinstven resurs za titraciju u seriji uzoraka M-091', 'tecno', 'niska', 'korozivno'),
('Resorcinol', 'Jedinstven resurs za spektrofotometriju u seriji uzoraka N-092', 'cvrsto', 'srednja', 'bezopasno'),
('Tanin', 'Jedinstven resurs za redoks analizu u seriji uzoraka O-093', 'gasovito', 'visoka', 'zapaljivo'),
('Kazein', 'Jedinstven resurs za pH merenje u seriji uzoraka P-094', 'rastvor', 'niska', 'toksicno'),
('Pepsin', 'Jedinstven resurs za precipitaciju u seriji uzoraka Q-095', 'prah', 'srednja', 'stetno'),
('Tripsin', 'Jedinstven resurs za ekstrakciju u seriji uzoraka R-096', 'tecno', 'visoka', 'oksidaciono'),
('Albumin', 'Jedinstven resurs za hromatografiju u seriji uzoraka S-097', 'cvrsto', 'niska', 'iritantno'),
('Litmus rastvor', 'Jedinstven resurs za kineticko pracenje u seriji uzoraka T-098', 'gasovito', 'srednja', 'korozivno'),
('Univerzalni indikator', 'Jedinstven resurs za pufersku pripremu u seriji uzoraka U-099', 'rastvor', 'visoka', 'bezopasno'),
('Standardni puferski rastvor', 'Jedinstven resurs za kvalitativnu analizu u seriji uzoraka V-100', 'prah', 'niska', 'zapaljivo');

-- 3. TIP_ALATA
INSERT INTO tip_alata(naziv, opis) VALUES
('Laboratorijski instrument 001 - digitalni pH metar', 'Jedinstveni tip alata za precizno merenje u proceduri 001.'),
('Laboratorijski instrument 002 - analiticka vaga', 'Jedinstveni tip alata za kontrolisano zagrevanje u proceduri 002.'),
('Laboratorijski instrument 003 - tehnicka vaga', 'Jedinstveni tip alata za razdvajanje smesa u proceduri 003.'),
('Laboratorijski instrument 004 - automatska pipeta', 'Jedinstveni tip alata za analizu koncentracije u proceduri 004.'),
('Laboratorijski instrument 005 - staklena pipeta', 'Jedinstveni tip alata za pracenje reakcije u proceduri 005.'),
('Laboratorijski instrument 006 - bireta sa teflonskim ventilom', 'Jedinstveni tip alata za pripremu uzoraka u proceduri 006.'),
('Laboratorijski instrument 007 - menzura od borosilikatnog stakla', 'Jedinstveni tip alata za bezbedan rad u proceduri 007.'),
('Laboratorijski instrument 008 - erlenmajerova tikvica', 'Jedinstveni tip alata za belezenje podataka u proceduri 008.'),
('Laboratorijski instrument 009 - volumetrijska tikvica', 'Jedinstveni tip alata za obradu rastvora u proceduri 009.'),
('Laboratorijski instrument 010 - magnetna mesalica', 'Jedinstveni tip alata za ispitivanje materijala u proceduri 010.'),
('Laboratorijski instrument 011 - grejna ploca', 'Jedinstveni tip alata za precizno merenje u proceduri 011.'),
('Laboratorijski instrument 012 - laboratorijska centrifuga', 'Jedinstveni tip alata za kontrolisano zagrevanje u proceduri 012.'),
('Laboratorijski instrument 013 - UV-VIS spektrofotometar', 'Jedinstveni tip alata za razdvajanje smesa u proceduri 013.'),
('Laboratorijski instrument 014 - konduktometar', 'Jedinstveni tip alata za analizu koncentracije u proceduri 014.'),
('Laboratorijski instrument 015 - turbidimetar', 'Jedinstveni tip alata za pracenje reakcije u proceduri 015.'),
('Laboratorijski instrument 016 - gasni hromatograf', 'Jedinstveni tip alata za pripremu uzoraka u proceduri 016.'),
('Laboratorijski instrument 017 - tecni hromatograf', 'Jedinstveni tip alata za bezbedan rad u proceduri 017.'),
('Laboratorijski instrument 018 - refraktometar', 'Jedinstveni tip alata za belezenje podataka u proceduri 018.'),
('Laboratorijski instrument 019 - polarimetar', 'Jedinstveni tip alata za obradu rastvora u proceduri 019.'),
('Laboratorijski instrument 020 - termometar sa sondom', 'Jedinstveni tip alata za ispitivanje materijala u proceduri 020.'),
('Laboratorijski instrument 021 - senzor pritiska', 'Jedinstveni tip alata za precizno merenje u proceduri 021.'),
('Laboratorijski instrument 022 - vodeno kupatilo', 'Jedinstveni tip alata za kontrolisano zagrevanje u proceduri 022.'),
('Laboratorijski instrument 023 - susnica', 'Jedinstveni tip alata za razdvajanje smesa u proceduri 023.'),
('Laboratorijski instrument 024 - autoklav', 'Jedinstveni tip alata za analizu koncentracije u proceduri 024.'),
('Laboratorijski instrument 025 - digestor', 'Jedinstveni tip alata za pracenje reakcije u proceduri 025.'),
('Laboratorijski instrument 026 - rotacioni evaporator', 'Jedinstveni tip alata za pripremu uzoraka u proceduri 026.'),
('Laboratorijski instrument 027 - destilacioni aparat', 'Jedinstveni tip alata za bezbedan rad u proceduri 027.'),
('Laboratorijski instrument 028 - reaktor sa mesanjem', 'Jedinstveni tip alata za belezenje podataka u proceduri 028.'),
('Laboratorijski instrument 029 - ultrazvucno kupatilo', 'Jedinstveni tip alata za obradu rastvora u proceduri 029.'),
('Laboratorijski instrument 030 - homogenizator', 'Jedinstveni tip alata za ispitivanje materijala u proceduri 030.'),
('Laboratorijski instrument 031 - mikroskop', 'Jedinstveni tip alata za precizno merenje u proceduri 031.'),
('Laboratorijski instrument 032 - plamenik', 'Jedinstveni tip alata za kontrolisano zagrevanje u proceduri 032.'),
('Laboratorijski instrument 033 - vakuum pumpa', 'Jedinstveni tip alata za razdvajanje smesa u proceduri 033.'),
('Laboratorijski instrument 034 - eksikator', 'Jedinstveni tip alata za analizu koncentracije u proceduri 034.'),
('Laboratorijski instrument 035 - filtracioni sistem', 'Jedinstveni tip alata za pracenje reakcije u proceduri 035.'),
('Laboratorijski instrument 036 - mikropipeta', 'Jedinstveni tip alata za pripremu uzoraka u proceduri 036.'),
('Laboratorijski instrument 037 - titracioni set', 'Jedinstveni tip alata za bezbedan rad u proceduri 037.'),
('Laboratorijski instrument 038 - kolorimetar', 'Jedinstveni tip alata za belezenje podataka u proceduri 038.'),
('Laboratorijski instrument 039 - elektrohemijska celija', 'Jedinstveni tip alata za obradu rastvora u proceduri 039.'),
('Laboratorijski instrument 040 - potenciostat', 'Jedinstveni tip alata za ispitivanje materijala u proceduri 040.'),
('Laboratorijski instrument 041 - ion-selektivna elektroda', 'Jedinstveni tip alata za precizno merenje u proceduri 041.'),
('Laboratorijski instrument 042 - aparat za tacku topljenja', 'Jedinstveni tip alata za kontrolisano zagrevanje u proceduri 042.'),
('Laboratorijski instrument 043 - kalorimetar', 'Jedinstveni tip alata za razdvajanje smesa u proceduri 043.'),
('Laboratorijski instrument 044 - viskozimetar', 'Jedinstveni tip alata za analizu koncentracije u proceduri 044.'),
('Laboratorijski instrument 045 - denzitometar', 'Jedinstveni tip alata za pracenje reakcije u proceduri 045.'),
('Laboratorijski instrument 046 - mlin za uzorke', 'Jedinstveni tip alata za pripremu uzoraka u proceduri 046.'),
('Laboratorijski instrument 047 - sito za granulometriju', 'Jedinstveni tip alata za bezbedan rad u proceduri 047.'),
('Laboratorijski instrument 048 - automatski dozator', 'Jedinstveni tip alata za belezenje podataka u proceduri 048.'),
('Laboratorijski instrument 049 - laboratorijski shaker', 'Jedinstveni tip alata za obradu rastvora u proceduri 049.'),
('Laboratorijski instrument 050 - orbitalni tresac', 'Jedinstveni tip alata za ispitivanje materijala u proceduri 050.'),
('Laboratorijski instrument 051 - mikrocentrifuga', 'Jedinstveni tip alata za precizno merenje u proceduri 051.'),
('Laboratorijski instrument 052 - laminarna komora', 'Jedinstveni tip alata za kontrolisano zagrevanje u proceduri 052.'),
('Laboratorijski instrument 053 - inkubator', 'Jedinstveni tip alata za razdvajanje smesa u proceduri 053.'),
('Laboratorijski instrument 054 - CO2 inkubator', 'Jedinstveni tip alata za analizu koncentracije u proceduri 054.'),
('Laboratorijski instrument 055 - frizider za reagense', 'Jedinstveni tip alata za pracenje reakcije u proceduri 055.'),
('Laboratorijski instrument 056 - zamrzivac za uzorke', 'Jedinstveni tip alata za pripremu uzoraka u proceduri 056.'),
('Laboratorijski instrument 057 - sistem za dejonizaciju vode', 'Jedinstveni tip alata za bezbedan rad u proceduri 057.'),
('Laboratorijski instrument 058 - merac rastvorenog kiseonika', 'Jedinstveni tip alata za belezenje podataka u proceduri 058.'),
('Laboratorijski instrument 059 - merac vlaznosti', 'Jedinstveni tip alata za obradu rastvora u proceduri 059.'),
('Laboratorijski instrument 060 - sistem za vakuum filtraciju', 'Jedinstveni tip alata za ispitivanje materijala u proceduri 060.'),
('Laboratorijski instrument 061 - automatski sampler', 'Jedinstveni tip alata za precizno merenje u proceduri 061.'),
('Laboratorijski instrument 062 - mass spektrometar', 'Jedinstveni tip alata za kontrolisano zagrevanje u proceduri 062.'),
('Laboratorijski instrument 063 - FTIR spektrometar', 'Jedinstveni tip alata za razdvajanje smesa u proceduri 063.'),
('Laboratorijski instrument 064 - NMR spektrometar', 'Jedinstveni tip alata za analizu koncentracije u proceduri 064.'),
('Laboratorijski instrument 065 - plinska boca sa regulatorom', 'Jedinstveni tip alata za pracenje reakcije u proceduri 065.'),
('Laboratorijski instrument 066 - senzor temperature', 'Jedinstveni tip alata za pripremu uzoraka u proceduri 066.'),
('Laboratorijski instrument 067 - Bunsenov gorionik', 'Jedinstveni tip alata za bezbedan rad u proceduri 067.'),
('Laboratorijski instrument 068 - laboratorijski stalak', 'Jedinstveni tip alata za belezenje podataka u proceduri 068.'),
('Laboratorijski instrument 069 - klema za biretu', 'Jedinstveni tip alata za obradu rastvora u proceduri 069.'),
('Laboratorijski instrument 070 - keramicka mrezica', 'Jedinstveni tip alata za ispitivanje materijala u proceduri 070.'),
('Laboratorijski instrument 071 - porcelanski loncic', 'Jedinstveni tip alata za precizno merenje u proceduri 071.'),
('Laboratorijski instrument 072 - stakleni stapic', 'Jedinstveni tip alata za kontrolisano zagrevanje u proceduri 072.'),
('Laboratorijski instrument 073 - kapilarna cev', 'Jedinstveni tip alata za razdvajanje smesa u proceduri 073.'),
('Laboratorijski instrument 074 - Pasterova pipeta', 'Jedinstveni tip alata za analizu koncentracije u proceduri 074.'),
('Laboratorijski instrument 075 - levak za odvajanje', 'Jedinstveni tip alata za pracenje reakcije u proceduri 075.'),
('Laboratorijski instrument 076 - Bihnerov levak', 'Jedinstveni tip alata za pripremu uzoraka u proceduri 076.'),
('Laboratorijski instrument 077 - vakumski eksikator', 'Jedinstveni tip alata za bezbedan rad u proceduri 077.'),
('Laboratorijski instrument 078 - merni cilindar', 'Jedinstveni tip alata za belezenje podataka u proceduri 078.'),
('Laboratorijski instrument 079 - laboratorijski tajmer', 'Jedinstveni tip alata za obradu rastvora u proceduri 079.'),
('Laboratorijski instrument 080 - elektronski zapisivac podataka', 'Jedinstveni tip alata za ispitivanje materijala u proceduri 080.'),
('Laboratorijski instrument 081 - sistem za titraciju', 'Jedinstveni tip alata za precizno merenje u proceduri 081.'),
('Laboratorijski instrument 082 - automatski pH titrator', 'Jedinstveni tip alata za kontrolisano zagrevanje u proceduri 082.'),
('Laboratorijski instrument 083 - mikroreaktor', 'Jedinstveni tip alata za razdvajanje smesa u proceduri 083.'),
('Laboratorijski instrument 084 - Soxhlet aparat', 'Jedinstveni tip alata za analizu koncentracije u proceduri 084.'),
('Laboratorijski instrument 085 - Kjeldahl aparat', 'Jedinstveni tip alata za pracenje reakcije u proceduri 085.'),
('Laboratorijski instrument 086 - aparat za elektrolizu', 'Jedinstveni tip alata za pripremu uzoraka u proceduri 086.'),
('Laboratorijski instrument 087 - komora za stabilnost', 'Jedinstveni tip alata za bezbedan rad u proceduri 087.'),
('Laboratorijski instrument 088 - pH elektroda', 'Jedinstveni tip alata za belezenje podataka u proceduri 088.'),
('Laboratorijski instrument 089 - ORP elektroda', 'Jedinstveni tip alata za obradu rastvora u proceduri 089.'),
('Laboratorijski instrument 090 - konduktivna elektroda', 'Jedinstveni tip alata za ispitivanje materijala u proceduri 090.'),
('Laboratorijski instrument 091 - senzor za gasove', 'Jedinstveni tip alata za precizno merenje u proceduri 091.'),
('Laboratorijski instrument 092 - senzor za svetlost', 'Jedinstveni tip alata za kontrolisano zagrevanje u proceduri 092.'),
('Laboratorijski instrument 093 - data logger', 'Jedinstveni tip alata za razdvajanje smesa u proceduri 093.'),
('Laboratorijski instrument 094 - spektrofluorimetar', 'Jedinstveni tip alata za analizu koncentracije u proceduri 094.'),
('Laboratorijski instrument 095 - plameni fotometar', 'Jedinstveni tip alata za pracenje reakcije u proceduri 095.'),
('Laboratorijski instrument 096 - AAS spektrometar', 'Jedinstveni tip alata za pripremu uzoraka u proceduri 096.'),
('Laboratorijski instrument 097 - ICP-OES uredjaj', 'Jedinstveni tip alata za bezbedan rad u proceduri 097.'),
('Laboratorijski instrument 098 - kompaktni reaktor', 'Jedinstveni tip alata za belezenje podataka u proceduri 098.'),
('Laboratorijski instrument 099 - laboratorijska presa', 'Jedinstveni tip alata za obradu rastvora u proceduri 099.'),
('Laboratorijski instrument 100 - aparat za ekstrakciju', 'Jedinstveni tip alata za ispitivanje materijala u proceduri 100.');

-- 4. ISTRAZIVAC
INSERT INTO istrazivac(ime, prezime, kvalifikacija, vrsta) VALUES
('Andrej', 'Stojanovic', 'diplomirani hemicar za organsku sintezu - sertifikat 001', 'dizajner'),
('Ognjen', 'Markovic', 'master hemicar za analiticku hemiju - sertifikat 002', 'izvodjac'),
('Marko', 'Petrovic', 'doktor hemijskih nauka za kinetiku - sertifikat 003', 'oba'),
('Nikola', 'Jovanovic', 'laboratorijski tehnicar za instrumente - sertifikat 004', 'dizajner'),
('Petar', 'Nikolic', 'biohemicar za enzimske testove - sertifikat 005', 'izvodjac'),
('Jovan', 'Ilic', 'specijalista neorganske hemije - sertifikat 006', 'oba'),
('Milos', 'Pavlovic', 'specijalista elektrohemije - sertifikat 007', 'dizajner'),
('Stefan', 'Simic', 'istrazivac za polimerne materijale - sertifikat 008', 'izvodjac'),
('Luka', 'Ristic', 'analiticar za vodene uzorke - sertifikat 009', 'oba'),
('Filip', 'Savic', 'forenzicki hemicar - sertifikat 010', 'dizajner'),
('Vuk', 'Milosevic', 'diplomirani hemicar za organsku sintezu - sertifikat 011', 'izvodjac'),
('Aleksa', 'Popovic', 'master hemicar za analiticku hemiju - sertifikat 012', 'oba'),
('Uros', 'Kovacevic', 'doktor hemijskih nauka za kinetiku - sertifikat 013', 'dizajner'),
('Dusan', 'Djordjevic', 'laboratorijski tehnicar za instrumente - sertifikat 014', 'izvodjac'),
('Mihajlo', 'Lazic', 'biohemicar za enzimske testove - sertifikat 015', 'oba'),
('Lazar', 'Vasic', 'specijalista neorganske hemije - sertifikat 016', 'dizajner'),
('Pavle', 'Todorovic', 'specijalista elektrohemije - sertifikat 017', 'izvodjac'),
('Viktor', 'Matic', 'istrazivac za polimerne materijale - sertifikat 018', 'oba'),
('Bogdan', 'Radovic', 'analiticar za vodene uzorke - sertifikat 019', 'dizajner'),
('Relja', 'Jankovic', 'forenzicki hemicar - sertifikat 020', 'izvodjac'),
('Ana', 'Milic', 'diplomirani hemicar za organsku sintezu - sertifikat 021', 'oba'),
('Marija', 'Kostic', 'master hemicar za analiticku hemiju - sertifikat 022', 'dizajner'),
('Jelena', 'Zivkovic', 'doktor hemijskih nauka za kinetiku - sertifikat 023', 'izvodjac'),
('Milica', 'Stevanovic', 'laboratorijski tehnicar za instrumente - sertifikat 024', 'oba'),
('Sara', 'Dimitrijevic', 'biohemicar za enzimske testove - sertifikat 025', 'dizajner'),
('Ivana', 'Stankovic', 'specijalista neorganske hemije - sertifikat 026', 'izvodjac'),
('Teodora', 'Krstic', 'specijalista elektrohemije - sertifikat 027', 'oba'),
('Katarina', 'Trajkovic', 'istrazivac za polimerne materijale - sertifikat 028', 'dizajner'),
('Tamara', 'Obradovic', 'analiticar za vodene uzorke - sertifikat 029', 'izvodjac'),
('Nina', 'Mladenovic', 'forenzicki hemicar - sertifikat 030', 'oba'),
('Sofija', 'Cvetkovic', 'diplomirani hemicar za organsku sintezu - sertifikat 031', 'dizajner'),
('Dunja', 'Tomic', 'master hemicar za analiticku hemiju - sertifikat 032', 'izvodjac'),
('Mina', 'Mitrovic', 'doktor hemijskih nauka za kinetiku - sertifikat 033', 'oba'),
('Lena', 'Peric', 'laboratorijski tehnicar za instrumente - sertifikat 034', 'dizajner'),
('Isidora', 'Marinkovic', 'biohemicar za enzimske testove - sertifikat 035', 'izvodjac'),
('Tijana', 'Gajic', 'specijalista neorganske hemije - sertifikat 036', 'oba'),
('Natalija', 'Antic', 'specijalista elektrohemije - sertifikat 037', 'dizajner'),
('Anja', 'Lukic', 'istrazivac za polimerne materijale - sertifikat 038', 'izvodjac'),
('Ema', 'Maksimovic', 'analiticar za vodene uzorke - sertifikat 039', 'oba'),
('Nadja', 'Bogdanovic', 'forenzicki hemicar - sertifikat 040', 'dizajner'),
('Vladimir', 'Novakovic', 'diplomirani hemicar za organsku sintezu - sertifikat 041', 'izvodjac'),
('Nemanja', 'Radovanovic', 'master hemicar za analiticku hemiju - sertifikat 042', 'oba'),
('Milan', 'Djuric', 'doktor hemijskih nauka za kinetiku - sertifikat 043', 'dizajner'),
('Dragan', 'Pantelic', 'laboratorijski tehnicar za instrumente - sertifikat 044', 'izvodjac'),
('Bojan', 'Spasic', 'biohemicar za enzimske testove - sertifikat 045', 'oba'),
('Srdjan', 'Vukovic', 'specijalista neorganske hemije - sertifikat 046', 'dizajner'),
('Dejan', 'Grujic', 'specijalista elektrohemije - sertifikat 047', 'izvodjac'),
('Nenad', 'Petkovic', 'istrazivac za polimerne materijale - sertifikat 048', 'oba'),
('Igor', 'Lazarevic', 'analiticar za vodene uzorke - sertifikat 049', 'dizajner'),
('Djordje', 'Knezevic', 'forenzicki hemicar - sertifikat 050', 'izvodjac'),
('Andjela', 'Zarkovic', 'diplomirani hemicar za organsku sintezu - sertifikat 051', 'oba'),
('Jovana', 'Mirkovic', 'master hemicar za analiticku hemiju - sertifikat 052', 'dizajner'),
('Maja', 'Blagojevic', 'doktor hemijskih nauka za kinetiku - sertifikat 053', 'izvodjac'),
('Dragana', 'Milovanovic', 'laboratorijski tehnicar za instrumente - sertifikat 054', 'oba'),
('Bojana', 'Avramovic', 'biohemicar za enzimske testove - sertifikat 055', 'dizajner'),
('Sanja', 'Radosavljevic', 'specijalista neorganske hemije - sertifikat 056', 'izvodjac'),
('Gordana', 'Veljkovic', 'specijalista elektrohemije - sertifikat 057', 'oba'),
('Biljana', 'Sekulic', 'istrazivac za polimerne materijale - sertifikat 058', 'dizajner'),
('Vesna', 'Milinkovic', 'analiticar za vodene uzorke - sertifikat 059', 'izvodjac'),
('Irena', 'Krsmanovic', 'forenzicki hemicar - sertifikat 060', 'oba'),
('Rastko', 'Zdravkovic', 'diplomirani hemicar za organsku sintezu - sertifikat 061', 'dizajner'),
('Maksim', 'Rakonjac', 'master hemicar za analiticku hemiju - sertifikat 062', 'izvodjac'),
('Tadija', 'Arsic', 'doktor hemijskih nauka za kinetiku - sertifikat 063', 'oba'),
('Kosta', 'Bulatovic', 'laboratorijski tehnicar za instrumente - sertifikat 064', 'dizajner'),
('Veljko', 'Damjanovic', 'biohemicar za enzimske testove - sertifikat 065', 'izvodjac'),
('Matea', 'Mihajlovic', 'specijalista neorganske hemije - sertifikat 066', 'oba'),
('Una', 'Terzic', 'specijalista elektrohemije - sertifikat 067', 'dizajner'),
('Lana', 'Veselinovic', 'istrazivac za polimerne materijale - sertifikat 068', 'izvodjac'),
('Petra', 'Malesevic', 'analiticar za vodene uzorke - sertifikat 069', 'oba'),
('Vanja', 'Ivanovic', 'forenzicki hemicar - sertifikat 070', 'dizajner'),
('Milutin', 'Milenkovic', 'diplomirani hemicar za organsku sintezu - sertifikat 071', 'izvodjac'),
('Radovan', 'Radojevic', 'master hemicar za analiticku hemiju - sertifikat 072', 'oba'),
('Slobodan', 'Milosavljevic', 'doktor hemijskih nauka za kinetiku - sertifikat 073', 'dizajner'),
('Zoran', 'Stamenkovic', 'laboratorijski tehnicar za instrumente - sertifikat 074', 'izvodjac'),
('Goran', 'Stanojevic', 'biohemicar za enzimske testove - sertifikat 075', 'oba'),
('Danica', 'Dencic', 'specijalista neorganske hemije - sertifikat 076', 'dizajner'),
('Olivera', 'Karanovic', 'specijalista elektrohemije - sertifikat 077', 'izvodjac'),
('Kristina', 'Sretenovic', 'istrazivac za polimerne materijale - sertifikat 078', 'oba'),
('Helena', 'Miladinovic', 'analiticar za vodene uzorke - sertifikat 079', 'dizajner'),
('Masa', 'Zec', 'forenzicki hemicar - sertifikat 080', 'izvodjac'),
('Ilija', 'Bjelic', 'diplomirani hemicar za organsku sintezu - sertifikat 081', 'oba'),
('Matija', 'Sarenac', 'master hemicar za analiticku hemiju - sertifikat 082', 'dizajner'),
('Jakov', 'Vranic', 'doktor hemijskih nauka za kinetiku - sertifikat 083', 'izvodjac'),
('Damjan', 'Gavrilovic', 'laboratorijski tehnicar za instrumente - sertifikat 084', 'oba'),
('Vasilije', 'Radulovic', 'biohemicar za enzimske testove - sertifikat 085', 'dizajner'),
('Vera', 'Bozovic', 'specijalista neorganske hemije - sertifikat 086', 'izvodjac'),
('Nevena', 'Kojic', 'specijalista elektrohemije - sertifikat 087', 'oba'),
('Jasmina', 'Protic', 'istrazivac za polimerne materijale - sertifikat 088', 'dizajner'),
('Suzana', 'Nedeljkovic', 'analiticar za vodene uzorke - sertifikat 089', 'izvodjac'),
('Anastasija', 'Jelic', 'forenzicki hemicar - sertifikat 090', 'oba'),
('Branko', 'Curcic', 'diplomirani hemicar za organsku sintezu - sertifikat 091', 'dizajner'),
('Predrag', 'Lalic', 'master hemicar za analiticku hemiju - sertifikat 092', 'izvodjac'),
('Mladen', 'Vujic', 'doktor hemijskih nauka za kinetiku - sertifikat 093', 'oba'),
('Rade', 'Rajevic', 'laboratorijski tehnicar za instrumente - sertifikat 094', 'dizajner'),
('Sava', 'Kovacev', 'biohemicar za enzimske testove - sertifikat 095', 'izvodjac'),
('Ruza', 'Tosic', 'specijalista neorganske hemije - sertifikat 096', 'oba'),
('Mira', 'Panic', 'specijalista elektrohemije - sertifikat 097', 'dizajner'),
('Nada', 'Basic', 'istrazivac za polimerne materijale - sertifikat 098', 'izvodjac'),
('Olga', 'Stupar', 'analiticar za vodene uzorke - sertifikat 099', 'oba'),
('Emilija', 'Zoric', 'forenzicki hemicar - sertifikat 100', 'dizajner');

-- 5. TEORIJA
INSERT INTO teorija(naziv, identifikator, opis) VALUES
('Teorija kiselo-baznih reakcija u vodenim rastvorima - modul 001', 'TEO-001-A', 'Okvir za tumacenje rezultata kod titraciju i eksperimentalne serije 1.'),
('Teorija oksido-redukcionih reakcija u nevodnim rastvaracima - modul 002', 'TEO-002-B', 'Okvir za tumacenje rezultata kod spektrofotometriju i eksperimentalne serije 2.'),
('VSEPR model molekulske geometrije pri sobnoj temperaturi - modul 003', 'TEO-003-C', 'Okvir za tumacenje rezultata kod redoks analizu i eksperimentalne serije 3.'),
('Arrheniusova teorija elektrolita pri povisenoj temperaturi - modul 004', 'TEO-004-D', 'Okvir za tumacenje rezultata kod pH merenje i eksperimentalne serije 4.'),
('Bronsted-Lowry teorija protona u razblazenim rastvorima - modul 005', 'TEO-005-E', 'Okvir za tumacenje rezultata kod precipitaciju i eksperimentalne serije 5.'),
('Lewisova teorija elektronskih parova u vodenim rastvorima - modul 006', 'TEO-006-F', 'Okvir za tumacenje rezultata kod ekstrakciju i eksperimentalne serije 6.'),
('Teorija hemijske kinetike u nevodnim rastvaracima - modul 007', 'TEO-007-G', 'Okvir za tumacenje rezultata kod hromatografiju i eksperimentalne serije 7.'),
('Teorija hemijske ravnoteze pri sobnoj temperaturi - modul 008', 'TEO-008-H', 'Okvir za tumacenje rezultata kod kineticko pracenje i eksperimentalne serije 8.'),
('Teorija kompleksnih jedinjenja pri povisenoj temperaturi - modul 009', 'TEO-009-I', 'Okvir za tumacenje rezultata kod pufersku pripremu i eksperimentalne serije 9.'),
('Teorija molekulskih orbitala u razblazenim rastvorima - modul 010', 'TEO-010-J', 'Okvir za tumacenje rezultata kod kvalitativnu analizu i eksperimentalne serije 10.'),
('Lambert-Beerov zakon apsorbance u vodenim rastvorima - modul 011', 'TEO-011-K', 'Okvir za tumacenje rezultata kod titraciju i eksperimentalne serije 11.'),
('Nernstova elektrohemijska jednacina u nevodnim rastvaracima - modul 012', 'TEO-012-L', 'Okvir za tumacenje rezultata kod spektrofotometriju i eksperimentalne serije 12.'),
('Henderson-Hasselbalchova jednacina pri sobnoj temperaturi - modul 013', 'TEO-013-M', 'Okvir za tumacenje rezultata kod redoks analizu i eksperimentalne serije 13.'),
('Le Sateljeov princip pri povisenoj temperaturi - modul 014', 'TEO-014-N', 'Okvir za tumacenje rezultata kod pH merenje i eksperimentalne serije 14.'),
('Teorija kristalnog polja u razblazenim rastvorima - modul 015', 'TEO-015-O', 'Okvir za tumacenje rezultata kod precipitaciju i eksperimentalne serije 15.'),
('Teorija aktivacionog kompleksa u vodenim rastvorima - modul 016', 'TEO-016-P', 'Okvir za tumacenje rezultata kod ekstrakciju i eksperimentalne serije 16.'),
('Teorija sudara cestica u nevodnim rastvaracima - modul 017', 'TEO-017-Q', 'Okvir za tumacenje rezultata kod hromatografiju i eksperimentalne serije 17.'),
('Debye-Huckelova teorija elektrolita pri sobnoj temperaturi - modul 018', 'TEO-018-R', 'Okvir za tumacenje rezultata kod kineticko pracenje i eksperimentalne serije 18.'),
('Teorija solvatacije pri povisenoj temperaturi - modul 019', 'TEO-019-S', 'Okvir za tumacenje rezultata kod pufersku pripremu i eksperimentalne serije 19.'),
('Teorija polimernih lanaca u razblazenim rastvorima - modul 020', 'TEO-020-T', 'Okvir za tumacenje rezultata kod kvalitativnu analizu i eksperimentalne serije 20.'),
('Teorija kiselo-baznih reakcija u vodenim rastvorima - modul 021', 'TEO-021-U', 'Okvir za tumacenje rezultata kod titraciju i eksperimentalne serije 21.'),
('Teorija oksido-redukcionih reakcija u nevodnim rastvaracima - modul 022', 'TEO-022-V', 'Okvir za tumacenje rezultata kod spektrofotometriju i eksperimentalne serije 22.'),
('VSEPR model molekulske geometrije pri sobnoj temperaturi - modul 023', 'TEO-023-W', 'Okvir za tumacenje rezultata kod redoks analizu i eksperimentalne serije 23.'),
('Arrheniusova teorija elektrolita pri povisenoj temperaturi - modul 024', 'TEO-024-X', 'Okvir za tumacenje rezultata kod pH merenje i eksperimentalne serije 24.'),
('Bronsted-Lowry teorija protona u razblazenim rastvorima - modul 025', 'TEO-025-Y', 'Okvir za tumacenje rezultata kod precipitaciju i eksperimentalne serije 25.'),
('Lewisova teorija elektronskih parova u vodenim rastvorima - modul 026', 'TEO-026-Z', 'Okvir za tumacenje rezultata kod ekstrakciju i eksperimentalne serije 26.'),
('Teorija hemijske kinetike u nevodnim rastvaracima - modul 027', 'TEO-027-A', 'Okvir za tumacenje rezultata kod hromatografiju i eksperimentalne serije 27.'),
('Teorija hemijske ravnoteze pri sobnoj temperaturi - modul 028', 'TEO-028-B', 'Okvir za tumacenje rezultata kod kineticko pracenje i eksperimentalne serije 28.'),
('Teorija kompleksnih jedinjenja pri povisenoj temperaturi - modul 029', 'TEO-029-C', 'Okvir za tumacenje rezultata kod pufersku pripremu i eksperimentalne serije 29.'),
('Teorija molekulskih orbitala u razblazenim rastvorima - modul 030', 'TEO-030-D', 'Okvir za tumacenje rezultata kod kvalitativnu analizu i eksperimentalne serije 30.'),
('Lambert-Beerov zakon apsorbance u vodenim rastvorima - modul 031', 'TEO-031-E', 'Okvir za tumacenje rezultata kod titraciju i eksperimentalne serije 31.'),
('Nernstova elektrohemijska jednacina u nevodnim rastvaracima - modul 032', 'TEO-032-F', 'Okvir za tumacenje rezultata kod spektrofotometriju i eksperimentalne serije 32.'),
('Henderson-Hasselbalchova jednacina pri sobnoj temperaturi - modul 033', 'TEO-033-G', 'Okvir za tumacenje rezultata kod redoks analizu i eksperimentalne serije 33.'),
('Le Sateljeov princip pri povisenoj temperaturi - modul 034', 'TEO-034-H', 'Okvir za tumacenje rezultata kod pH merenje i eksperimentalne serije 34.'),
('Teorija kristalnog polja u razblazenim rastvorima - modul 035', 'TEO-035-I', 'Okvir za tumacenje rezultata kod precipitaciju i eksperimentalne serije 35.'),
('Teorija aktivacionog kompleksa u vodenim rastvorima - modul 036', 'TEO-036-J', 'Okvir za tumacenje rezultata kod ekstrakciju i eksperimentalne serije 36.'),
('Teorija sudara cestica u nevodnim rastvaracima - modul 037', 'TEO-037-K', 'Okvir za tumacenje rezultata kod hromatografiju i eksperimentalne serije 37.'),
('Debye-Huckelova teorija elektrolita pri sobnoj temperaturi - modul 038', 'TEO-038-L', 'Okvir za tumacenje rezultata kod kineticko pracenje i eksperimentalne serije 38.'),
('Teorija solvatacije pri povisenoj temperaturi - modul 039', 'TEO-039-M', 'Okvir za tumacenje rezultata kod pufersku pripremu i eksperimentalne serije 39.'),
('Teorija polimernih lanaca u razblazenim rastvorima - modul 040', 'TEO-040-N', 'Okvir za tumacenje rezultata kod kvalitativnu analizu i eksperimentalne serije 40.'),
('Teorija kiselo-baznih reakcija u vodenim rastvorima - modul 041', 'TEO-041-O', 'Okvir za tumacenje rezultata kod titraciju i eksperimentalne serije 41.'),
('Teorija oksido-redukcionih reakcija u nevodnim rastvaracima - modul 042', 'TEO-042-P', 'Okvir za tumacenje rezultata kod spektrofotometriju i eksperimentalne serije 42.'),
('VSEPR model molekulske geometrije pri sobnoj temperaturi - modul 043', 'TEO-043-Q', 'Okvir za tumacenje rezultata kod redoks analizu i eksperimentalne serije 43.'),
('Arrheniusova teorija elektrolita pri povisenoj temperaturi - modul 044', 'TEO-044-R', 'Okvir za tumacenje rezultata kod pH merenje i eksperimentalne serije 44.'),
('Bronsted-Lowry teorija protona u razblazenim rastvorima - modul 045', 'TEO-045-S', 'Okvir za tumacenje rezultata kod precipitaciju i eksperimentalne serije 45.'),
('Lewisova teorija elektronskih parova u vodenim rastvorima - modul 046', 'TEO-046-T', 'Okvir za tumacenje rezultata kod ekstrakciju i eksperimentalne serije 46.'),
('Teorija hemijske kinetike u nevodnim rastvaracima - modul 047', 'TEO-047-U', 'Okvir za tumacenje rezultata kod hromatografiju i eksperimentalne serije 47.'),
('Teorija hemijske ravnoteze pri sobnoj temperaturi - modul 048', 'TEO-048-V', 'Okvir za tumacenje rezultata kod kineticko pracenje i eksperimentalne serije 48.'),
('Teorija kompleksnih jedinjenja pri povisenoj temperaturi - modul 049', 'TEO-049-W', 'Okvir za tumacenje rezultata kod pufersku pripremu i eksperimentalne serije 49.'),
('Teorija molekulskih orbitala u razblazenim rastvorima - modul 050', 'TEO-050-X', 'Okvir za tumacenje rezultata kod kvalitativnu analizu i eksperimentalne serije 50.'),
('Lambert-Beerov zakon apsorbance u vodenim rastvorima - modul 051', 'TEO-051-Y', 'Okvir za tumacenje rezultata kod titraciju i eksperimentalne serije 51.'),
('Nernstova elektrohemijska jednacina u nevodnim rastvaracima - modul 052', 'TEO-052-Z', 'Okvir za tumacenje rezultata kod spektrofotometriju i eksperimentalne serije 52.'),
('Henderson-Hasselbalchova jednacina pri sobnoj temperaturi - modul 053', 'TEO-053-A', 'Okvir za tumacenje rezultata kod redoks analizu i eksperimentalne serije 53.'),
('Le Sateljeov princip pri povisenoj temperaturi - modul 054', 'TEO-054-B', 'Okvir za tumacenje rezultata kod pH merenje i eksperimentalne serije 54.'),
('Teorija kristalnog polja u razblazenim rastvorima - modul 055', 'TEO-055-C', 'Okvir za tumacenje rezultata kod precipitaciju i eksperimentalne serije 55.'),
('Teorija aktivacionog kompleksa u vodenim rastvorima - modul 056', 'TEO-056-D', 'Okvir za tumacenje rezultata kod ekstrakciju i eksperimentalne serije 56.'),
('Teorija sudara cestica u nevodnim rastvaracima - modul 057', 'TEO-057-E', 'Okvir za tumacenje rezultata kod hromatografiju i eksperimentalne serije 57.'),
('Debye-Huckelova teorija elektrolita pri sobnoj temperaturi - modul 058', 'TEO-058-F', 'Okvir za tumacenje rezultata kod kineticko pracenje i eksperimentalne serije 58.'),
('Teorija solvatacije pri povisenoj temperaturi - modul 059', 'TEO-059-G', 'Okvir za tumacenje rezultata kod pufersku pripremu i eksperimentalne serije 59.'),
('Teorija polimernih lanaca u razblazenim rastvorima - modul 060', 'TEO-060-H', 'Okvir za tumacenje rezultata kod kvalitativnu analizu i eksperimentalne serije 60.'),
('Teorija kiselo-baznih reakcija u vodenim rastvorima - modul 061', 'TEO-061-I', 'Okvir za tumacenje rezultata kod titraciju i eksperimentalne serije 61.'),
('Teorija oksido-redukcionih reakcija u nevodnim rastvaracima - modul 062', 'TEO-062-J', 'Okvir za tumacenje rezultata kod spektrofotometriju i eksperimentalne serije 62.'),
('VSEPR model molekulske geometrije pri sobnoj temperaturi - modul 063', 'TEO-063-K', 'Okvir za tumacenje rezultata kod redoks analizu i eksperimentalne serije 63.'),
('Arrheniusova teorija elektrolita pri povisenoj temperaturi - modul 064', 'TEO-064-L', 'Okvir za tumacenje rezultata kod pH merenje i eksperimentalne serije 64.'),
('Bronsted-Lowry teorija protona u razblazenim rastvorima - modul 065', 'TEO-065-M', 'Okvir za tumacenje rezultata kod precipitaciju i eksperimentalne serije 65.'),
('Lewisova teorija elektronskih parova u vodenim rastvorima - modul 066', 'TEO-066-N', 'Okvir za tumacenje rezultata kod ekstrakciju i eksperimentalne serije 66.'),
('Teorija hemijske kinetike u nevodnim rastvaracima - modul 067', 'TEO-067-O', 'Okvir za tumacenje rezultata kod hromatografiju i eksperimentalne serije 67.'),
('Teorija hemijske ravnoteze pri sobnoj temperaturi - modul 068', 'TEO-068-P', 'Okvir za tumacenje rezultata kod kineticko pracenje i eksperimentalne serije 68.'),
('Teorija kompleksnih jedinjenja pri povisenoj temperaturi - modul 069', 'TEO-069-Q', 'Okvir za tumacenje rezultata kod pufersku pripremu i eksperimentalne serije 69.'),
('Teorija molekulskih orbitala u razblazenim rastvorima - modul 070', 'TEO-070-R', 'Okvir za tumacenje rezultata kod kvalitativnu analizu i eksperimentalne serije 70.'),
('Lambert-Beerov zakon apsorbance u vodenim rastvorima - modul 071', 'TEO-071-S', 'Okvir za tumacenje rezultata kod titraciju i eksperimentalne serije 71.'),
('Nernstova elektrohemijska jednacina u nevodnim rastvaracima - modul 072', 'TEO-072-T', 'Okvir za tumacenje rezultata kod spektrofotometriju i eksperimentalne serije 72.'),
('Henderson-Hasselbalchova jednacina pri sobnoj temperaturi - modul 073', 'TEO-073-U', 'Okvir za tumacenje rezultata kod redoks analizu i eksperimentalne serije 73.'),
('Le Sateljeov princip pri povisenoj temperaturi - modul 074', 'TEO-074-V', 'Okvir za tumacenje rezultata kod pH merenje i eksperimentalne serije 74.'),
('Teorija kristalnog polja u razblazenim rastvorima - modul 075', 'TEO-075-W', 'Okvir za tumacenje rezultata kod precipitaciju i eksperimentalne serije 75.'),
('Teorija aktivacionog kompleksa u vodenim rastvorima - modul 076', 'TEO-076-X', 'Okvir za tumacenje rezultata kod ekstrakciju i eksperimentalne serije 76.'),
('Teorija sudara cestica u nevodnim rastvaracima - modul 077', 'TEO-077-Y', 'Okvir za tumacenje rezultata kod hromatografiju i eksperimentalne serije 77.'),
('Debye-Huckelova teorija elektrolita pri sobnoj temperaturi - modul 078', 'TEO-078-Z', 'Okvir za tumacenje rezultata kod kineticko pracenje i eksperimentalne serije 78.'),
('Teorija solvatacije pri povisenoj temperaturi - modul 079', 'TEO-079-A', 'Okvir za tumacenje rezultata kod pufersku pripremu i eksperimentalne serije 79.'),
('Teorija polimernih lanaca u razblazenim rastvorima - modul 080', 'TEO-080-B', 'Okvir za tumacenje rezultata kod kvalitativnu analizu i eksperimentalne serije 80.'),
('Teorija kiselo-baznih reakcija u vodenim rastvorima - modul 081', 'TEO-081-C', 'Okvir za tumacenje rezultata kod titraciju i eksperimentalne serije 81.'),
('Teorija oksido-redukcionih reakcija u nevodnim rastvaracima - modul 082', 'TEO-082-D', 'Okvir za tumacenje rezultata kod spektrofotometriju i eksperimentalne serije 82.'),
('VSEPR model molekulske geometrije pri sobnoj temperaturi - modul 083', 'TEO-083-E', 'Okvir za tumacenje rezultata kod redoks analizu i eksperimentalne serije 83.'),
('Arrheniusova teorija elektrolita pri povisenoj temperaturi - modul 084', 'TEO-084-F', 'Okvir za tumacenje rezultata kod pH merenje i eksperimentalne serije 84.'),
('Bronsted-Lowry teorija protona u razblazenim rastvorima - modul 085', 'TEO-085-G', 'Okvir za tumacenje rezultata kod precipitaciju i eksperimentalne serije 85.'),
('Lewisova teorija elektronskih parova u vodenim rastvorima - modul 086', 'TEO-086-H', 'Okvir za tumacenje rezultata kod ekstrakciju i eksperimentalne serije 86.'),
('Teorija hemijske kinetike u nevodnim rastvaracima - modul 087', 'TEO-087-I', 'Okvir za tumacenje rezultata kod hromatografiju i eksperimentalne serije 87.'),
('Teorija hemijske ravnoteze pri sobnoj temperaturi - modul 088', 'TEO-088-J', 'Okvir za tumacenje rezultata kod kineticko pracenje i eksperimentalne serije 88.'),
('Teorija kompleksnih jedinjenja pri povisenoj temperaturi - modul 089', 'TEO-089-K', 'Okvir za tumacenje rezultata kod pufersku pripremu i eksperimentalne serije 89.'),
('Teorija molekulskih orbitala u razblazenim rastvorima - modul 090', 'TEO-090-L', 'Okvir za tumacenje rezultata kod kvalitativnu analizu i eksperimentalne serije 90.'),
('Lambert-Beerov zakon apsorbance u vodenim rastvorima - modul 091', 'TEO-091-M', 'Okvir za tumacenje rezultata kod titraciju i eksperimentalne serije 91.'),
('Nernstova elektrohemijska jednacina u nevodnim rastvaracima - modul 092', 'TEO-092-N', 'Okvir za tumacenje rezultata kod spektrofotometriju i eksperimentalne serije 92.'),
('Henderson-Hasselbalchova jednacina pri sobnoj temperaturi - modul 093', 'TEO-093-O', 'Okvir za tumacenje rezultata kod redoks analizu i eksperimentalne serije 93.'),
('Le Sateljeov princip pri povisenoj temperaturi - modul 094', 'TEO-094-P', 'Okvir za tumacenje rezultata kod pH merenje i eksperimentalne serije 94.'),
('Teorija kristalnog polja u razblazenim rastvorima - modul 095', 'TEO-095-Q', 'Okvir za tumacenje rezultata kod precipitaciju i eksperimentalne serije 95.'),
('Teorija aktivacionog kompleksa u vodenim rastvorima - modul 096', 'TEO-096-R', 'Okvir za tumacenje rezultata kod ekstrakciju i eksperimentalne serije 96.'),
('Teorija sudara cestica u nevodnim rastvaracima - modul 097', 'TEO-097-S', 'Okvir za tumacenje rezultata kod hromatografiju i eksperimentalne serije 97.'),
('Debye-Huckelova teorija elektrolita pri sobnoj temperaturi - modul 098', 'TEO-098-T', 'Okvir za tumacenje rezultata kod kineticko pracenje i eksperimentalne serije 98.'),
('Teorija solvatacije pri povisenoj temperaturi - modul 099', 'TEO-099-U', 'Okvir za tumacenje rezultata kod pufersku pripremu i eksperimentalne serije 99.'),
('Teorija polimernih lanaca u razblazenim rastvorima - modul 100', 'TEO-100-V', 'Okvir za tumacenje rezultata kod kvalitativnu analizu i eksperimentalne serije 100.');

-- 6. ALAT
INSERT INTO alat(id_tip, id_lab, datum_nabavke, datum_proizvodnje) VALUES
(1, 1, '2020-01-01', '2014-06-10'),
(2, 2, '2021-02-02', '2015-07-11'),
(3, 3, '2022-03-03', '2016-08-12'),
(4, 4, '2023-04-04', '2017-09-13'),
(5, 5, '2024-05-05', '2018-10-14'),
(6, 6, '2020-06-06', '2019-11-15'),
(7, 7, '2021-07-07', '2010-12-16'),
(8, 8, '2022-08-08', '2011-01-17'),
(9, 9, '2023-09-09', '2012-02-18'),
(10, 10, '2024-10-10', '2014-03-19'),
(11, 11, '2020-11-11', '2015-04-20'),
(12, 12, '2021-12-12', '2016-05-21'),
(13, 13, '2022-01-13', '2017-06-22'),
(14, 14, '2023-02-14', '2018-07-23'),
(15, 15, '2024-03-15', '2019-08-24'),
(16, 16, '2020-04-16', '2010-09-25'),
(17, 17, '2021-05-17', '2011-10-26'),
(18, 18, '2022-06-18', '2012-11-27'),
(19, 19, '2023-07-19', '2014-12-28'),
(20, 20, '2024-08-20', '2015-01-01'),
(21, 21, '2020-09-21', '2016-02-02'),
(22, 22, '2021-10-22', '2017-03-03'),
(23, 23, '2022-11-23', '2018-04-04'),
(24, 24, '2023-12-24', '2019-05-05'),
(25, 25, '2024-01-25', '2010-06-06'),
(26, 26, '2020-02-26', '2011-07-07'),
(27, 27, '2021-03-27', '2012-08-08'),
(28, 28, '2022-04-28', '2014-09-09'),
(29, 29, '2023-05-01', '2015-10-10'),
(30, 30, '2024-06-02', '2016-11-11'),
(31, 31, '2020-07-03', '2017-12-12'),
(32, 32, '2021-08-04', '2018-01-13'),
(33, 33, '2022-09-05', '2019-02-14'),
(34, 34, '2023-10-06', '2010-03-15'),
(35, 35, '2024-11-07', '2011-04-16'),
(36, 36, '2020-12-08', '2012-05-17'),
(37, 37, '2021-01-09', '2014-06-18'),
(38, 38, '2022-02-10', '2015-07-19'),
(39, 39, '2023-03-11', '2016-08-20'),
(40, 40, '2024-04-12', '2017-09-21'),
(41, 41, '2020-05-13', '2018-10-22'),
(42, 42, '2021-06-14', '2019-11-23'),
(43, 43, '2022-07-15', '2010-12-24'),
(44, 44, '2023-08-16', '2011-01-25'),
(45, 45, '2024-09-17', '2012-02-26'),
(46, 46, '2020-10-18', '2014-03-27'),
(47, 47, '2021-11-19', '2015-04-28'),
(48, 48, '2022-12-20', '2016-05-01'),
(49, 49, '2023-01-21', '2017-06-02'),
(50, 50, '2024-02-22', '2018-07-03'),
(51, 51, '2020-03-23', '2019-08-04'),
(52, 52, '2021-04-24', '2010-09-05'),
(53, 53, '2022-05-25', '2011-10-06'),
(54, 54, '2023-06-26', '2012-11-07'),
(55, 55, '2024-07-27', '2014-12-08'),
(56, 56, '2020-08-28', '2015-01-09'),
(57, 57, '2021-09-01', '2016-02-10'),
(58, 58, '2022-10-02', '2017-03-11'),
(59, 59, '2023-11-03', '2018-04-12'),
(60, 60, '2024-12-04', '2019-05-13'),
(61, 61, '2020-01-05', '2010-06-14'),
(62, 62, '2021-02-06', '2011-07-15'),
(63, 63, '2022-03-07', '2012-08-16'),
(64, 64, '2023-04-08', '2014-09-17'),
(65, 65, '2024-05-09', '2015-10-18'),
(66, 66, '2020-06-10', '2016-11-19'),
(67, 67, '2021-07-11', '2017-12-20'),
(68, 68, '2022-08-12', '2018-01-21'),
(69, 69, '2023-09-13', '2019-02-22'),
(70, 70, '2024-10-14', '2010-03-23'),
(71, 71, '2020-11-15', '2011-04-24'),
(72, 72, '2021-12-16', '2012-05-25'),
(73, 73, '2022-01-17', '2014-06-26'),
(74, 74, '2023-02-18', '2015-07-27'),
(75, 75, '2024-03-19', '2016-08-28'),
(76, 76, '2020-04-20', '2017-09-01'),
(77, 77, '2021-05-21', '2018-10-02'),
(78, 78, '2022-06-22', '2019-11-03'),
(79, 79, '2023-07-23', '2010-12-04'),
(80, 80, '2024-08-24', '2011-01-05'),
(81, 81, '2020-09-25', '2012-02-06'),
(82, 82, '2021-10-26', '2014-03-07'),
(83, 83, '2022-11-27', '2015-04-08'),
(84, 84, '2023-12-28', '2016-05-09'),
(85, 85, '2024-01-01', '2017-06-10'),
(86, 86, '2020-02-02', '2018-07-11'),
(87, 87, '2021-03-03', '2019-08-12'),
(88, 88, '2022-04-04', '2010-09-13'),
(89, 89, '2023-05-05', '2011-10-14'),
(90, 90, '2024-06-06', '2012-11-15'),
(91, 91, '2020-07-07', '2014-12-16'),
(92, 92, '2021-08-08', '2015-01-17'),
(93, 93, '2022-09-09', '2016-02-18'),
(94, 94, '2023-10-10', '2017-03-19'),
(95, 95, '2024-11-11', '2018-04-20'),
(96, 96, '2020-12-12', '2019-05-21'),
(97, 97, '2021-01-13', '2010-06-22'),
(98, 98, '2022-02-14', '2011-07-23'),
(99, 99, '2023-03-15', '2012-08-24'),
(100, 100, '2024-04-16', '2014-09-25');

-- 7. EKSPERIMENT
INSERT INTO eksperiment(id_teorija, naziv, tip, cilj) VALUES
(1, 'Neutralizacija hlorovodonicne kiseline natrijum hidroksidom - uzorak A100', 'neutralizacija - varijanta 001', 'Utvrditi parametar pH za eksperimentalni uslov 1.'),
(2, 'Redoks titracija kalijum permanganatom - uzorak B101', 'redoks titracija - varijanta 002', 'Utvrditi parametar koncentracije za eksperimentalni uslov 2.'),
(3, 'Odredjivanje koncentracije sircetne kiseline - uzorak C102', 'volumetrijska analiza - varijanta 003', 'Utvrditi parametar apsorbance za eksperimentalni uslov 3.'),
(4, 'Spektrofotometrijsko odredjivanje bakar(II) jona - uzorak D103', 'spektrofotometrija - varijanta 004', 'Utvrditi parametar provodljivosti za eksperimentalni uslov 4.'),
(5, 'Ispitivanje rastvorljivosti natrijum hlorida - uzorak E104', 'rastvorljivost - varijanta 005', 'Utvrditi parametar brzine reakcije za eksperimentalni uslov 5.'),
(6, 'Destilacija smese etanola i vode - uzorak F105', 'destilacija - varijanta 006', 'Utvrditi parametar pH za eksperimentalni uslov 6.'),
(7, 'Dokazivanje sulfata barijum hloridom - uzorak G106', 'precipitacija - varijanta 007', 'Utvrditi parametar koncentracije za eksperimentalni uslov 7.'),
(8, 'Kinetika razgradnje vodonik-peroksida - uzorak H107', 'hemijska kinetika - varijanta 008', 'Utvrditi parametar apsorbance za eksperimentalni uslov 8.'),
(9, 'Priprema acetatnog puferskog rastvora - uzorak I108', 'puferski sistem - varijanta 009', 'Utvrditi parametar provodljivosti za eksperimentalni uslov 9.'),
(10, 'Elektroliza vodenog rastvora soli - uzorak J109', 'elektroliza - varijanta 010', 'Utvrditi parametar brzine reakcije za eksperimentalni uslov 10.'),
(11, 'Kompleksiranje gvozdje(III) jona - uzorak K110', 'kompleksiranje - varijanta 011', 'Utvrditi parametar pH za eksperimentalni uslov 11.'),
(12, 'Hromatografsko razdvajanje pigmenata - uzorak L111', 'hromatografija - varijanta 012', 'Utvrditi parametar koncentracije za eksperimentalni uslov 12.'),
(13, 'Odredjivanje provodljivosti elektrolita - uzorak M112', 'konduktometrija - varijanta 013', 'Utvrditi parametar apsorbance za eksperimentalni uslov 13.'),
(14, 'Termicko razlaganje kalcijum karbonata - uzorak N113', 'termicka analiza - varijanta 014', 'Utvrditi parametar provodljivosti za eksperimentalni uslov 14.'),
(15, 'Ispitivanje reakcije joda sa skrobom - uzorak O114', 'kvalitativna analiza - varijanta 015', 'Utvrditi parametar brzine reakcije za eksperimentalni uslov 15.'),
(16, 'Ekstrakcija kofeina iz vodenog rastvora - uzorak P115', 'ekstrakcija - varijanta 016', 'Utvrditi parametar pH za eksperimentalni uslov 16.'),
(17, 'Odredjivanje tvrdoce vode EDTA titracijom - uzorak Q116', 'kompleksometrijska titracija - varijanta 017', 'Utvrditi parametar koncentracije za eksperimentalni uslov 17.'),
(18, 'Pracenje pH promene tokom fermentacije - uzorak R117', 'pH monitoring - varijanta 018', 'Utvrditi parametar apsorbance za eksperimentalni uslov 18.'),
(19, 'Odredjivanje askorbinske kiseline jodometrijom - uzorak S118', 'jodometrija - varijanta 019', 'Utvrditi parametar provodljivosti za eksperimentalni uslov 19.'),
(20, 'Sinteza bakar(II) kompleksa - uzorak T119', 'neorganska sinteza - varijanta 020', 'Utvrditi parametar brzine reakcije za eksperimentalni uslov 20.'),
(21, 'Neutralizacija hlorovodonicne kiseline natrijum hidroksidom - uzorak U120', 'neutralizacija - varijanta 021', 'Utvrditi parametar pH za eksperimentalni uslov 21.'),
(22, 'Redoks titracija kalijum permanganatom - uzorak V121', 'redoks titracija - varijanta 022', 'Utvrditi parametar koncentracije za eksperimentalni uslov 22.'),
(23, 'Odredjivanje koncentracije sircetne kiseline - uzorak W122', 'volumetrijska analiza - varijanta 023', 'Utvrditi parametar apsorbance za eksperimentalni uslov 23.'),
(24, 'Spektrofotometrijsko odredjivanje bakar(II) jona - uzorak X123', 'spektrofotometrija - varijanta 024', 'Utvrditi parametar provodljivosti za eksperimentalni uslov 24.'),
(25, 'Ispitivanje rastvorljivosti natrijum hlorida - uzorak Y124', 'rastvorljivost - varijanta 025', 'Utvrditi parametar brzine reakcije za eksperimentalni uslov 25.'),
(26, 'Destilacija smese etanola i vode - uzorak Z125', 'destilacija - varijanta 026', 'Utvrditi parametar pH za eksperimentalni uslov 26.'),
(27, 'Dokazivanje sulfata barijum hloridom - uzorak A126', 'precipitacija - varijanta 027', 'Utvrditi parametar koncentracije za eksperimentalni uslov 27.'),
(28, 'Kinetika razgradnje vodonik-peroksida - uzorak B127', 'hemijska kinetika - varijanta 028', 'Utvrditi parametar apsorbance za eksperimentalni uslov 28.'),
(29, 'Priprema acetatnog puferskog rastvora - uzorak C128', 'puferski sistem - varijanta 029', 'Utvrditi parametar provodljivosti za eksperimentalni uslov 29.'),
(30, 'Elektroliza vodenog rastvora soli - uzorak D129', 'elektroliza - varijanta 030', 'Utvrditi parametar brzine reakcije za eksperimentalni uslov 30.'),
(31, 'Kompleksiranje gvozdje(III) jona - uzorak E130', 'kompleksiranje - varijanta 031', 'Utvrditi parametar pH za eksperimentalni uslov 31.'),
(32, 'Hromatografsko razdvajanje pigmenata - uzorak F131', 'hromatografija - varijanta 032', 'Utvrditi parametar koncentracije za eksperimentalni uslov 32.'),
(33, 'Odredjivanje provodljivosti elektrolita - uzorak G132', 'konduktometrija - varijanta 033', 'Utvrditi parametar apsorbance za eksperimentalni uslov 33.'),
(34, 'Termicko razlaganje kalcijum karbonata - uzorak H133', 'termicka analiza - varijanta 034', 'Utvrditi parametar provodljivosti za eksperimentalni uslov 34.'),
(35, 'Ispitivanje reakcije joda sa skrobom - uzorak I134', 'kvalitativna analiza - varijanta 035', 'Utvrditi parametar brzine reakcije za eksperimentalni uslov 35.'),
(36, 'Ekstrakcija kofeina iz vodenog rastvora - uzorak J135', 'ekstrakcija - varijanta 036', 'Utvrditi parametar pH za eksperimentalni uslov 36.'),
(37, 'Odredjivanje tvrdoce vode EDTA titracijom - uzorak K136', 'kompleksometrijska titracija - varijanta 037', 'Utvrditi parametar koncentracije za eksperimentalni uslov 37.'),
(38, 'Pracenje pH promene tokom fermentacije - uzorak L137', 'pH monitoring - varijanta 038', 'Utvrditi parametar apsorbance za eksperimentalni uslov 38.'),
(39, 'Odredjivanje askorbinske kiseline jodometrijom - uzorak M138', 'jodometrija - varijanta 039', 'Utvrditi parametar provodljivosti za eksperimentalni uslov 39.'),
(40, 'Sinteza bakar(II) kompleksa - uzorak N139', 'neorganska sinteza - varijanta 040', 'Utvrditi parametar brzine reakcije za eksperimentalni uslov 40.'),
(41, 'Neutralizacija hlorovodonicne kiseline natrijum hidroksidom - uzorak O140', 'neutralizacija - varijanta 041', 'Utvrditi parametar pH za eksperimentalni uslov 41.'),
(42, 'Redoks titracija kalijum permanganatom - uzorak P141', 'redoks titracija - varijanta 042', 'Utvrditi parametar koncentracije za eksperimentalni uslov 42.'),
(43, 'Odredjivanje koncentracije sircetne kiseline - uzorak Q142', 'volumetrijska analiza - varijanta 043', 'Utvrditi parametar apsorbance za eksperimentalni uslov 43.'),
(44, 'Spektrofotometrijsko odredjivanje bakar(II) jona - uzorak R143', 'spektrofotometrija - varijanta 044', 'Utvrditi parametar provodljivosti za eksperimentalni uslov 44.'),
(45, 'Ispitivanje rastvorljivosti natrijum hlorida - uzorak S144', 'rastvorljivost - varijanta 045', 'Utvrditi parametar brzine reakcije za eksperimentalni uslov 45.'),
(46, 'Destilacija smese etanola i vode - uzorak T145', 'destilacija - varijanta 046', 'Utvrditi parametar pH za eksperimentalni uslov 46.'),
(47, 'Dokazivanje sulfata barijum hloridom - uzorak U146', 'precipitacija - varijanta 047', 'Utvrditi parametar koncentracije za eksperimentalni uslov 47.'),
(48, 'Kinetika razgradnje vodonik-peroksida - uzorak V147', 'hemijska kinetika - varijanta 048', 'Utvrditi parametar apsorbance za eksperimentalni uslov 48.'),
(49, 'Priprema acetatnog puferskog rastvora - uzorak W148', 'puferski sistem - varijanta 049', 'Utvrditi parametar provodljivosti za eksperimentalni uslov 49.'),
(50, 'Elektroliza vodenog rastvora soli - uzorak X149', 'elektroliza - varijanta 050', 'Utvrditi parametar brzine reakcije za eksperimentalni uslov 50.'),
(51, 'Kompleksiranje gvozdje(III) jona - uzorak Y150', 'kompleksiranje - varijanta 051', 'Utvrditi parametar pH za eksperimentalni uslov 51.'),
(52, 'Hromatografsko razdvajanje pigmenata - uzorak Z151', 'hromatografija - varijanta 052', 'Utvrditi parametar koncentracije za eksperimentalni uslov 52.'),
(53, 'Odredjivanje provodljivosti elektrolita - uzorak A152', 'konduktometrija - varijanta 053', 'Utvrditi parametar apsorbance za eksperimentalni uslov 53.'),
(54, 'Termicko razlaganje kalcijum karbonata - uzorak B153', 'termicka analiza - varijanta 054', 'Utvrditi parametar provodljivosti za eksperimentalni uslov 54.'),
(55, 'Ispitivanje reakcije joda sa skrobom - uzorak C154', 'kvalitativna analiza - varijanta 055', 'Utvrditi parametar brzine reakcije za eksperimentalni uslov 55.'),
(56, 'Ekstrakcija kofeina iz vodenog rastvora - uzorak D155', 'ekstrakcija - varijanta 056', 'Utvrditi parametar pH za eksperimentalni uslov 56.'),
(57, 'Odredjivanje tvrdoce vode EDTA titracijom - uzorak E156', 'kompleksometrijska titracija - varijanta 057', 'Utvrditi parametar koncentracije za eksperimentalni uslov 57.'),
(58, 'Pracenje pH promene tokom fermentacije - uzorak F157', 'pH monitoring - varijanta 058', 'Utvrditi parametar apsorbance za eksperimentalni uslov 58.'),
(59, 'Odredjivanje askorbinske kiseline jodometrijom - uzorak G158', 'jodometrija - varijanta 059', 'Utvrditi parametar provodljivosti za eksperimentalni uslov 59.'),
(60, 'Sinteza bakar(II) kompleksa - uzorak H159', 'neorganska sinteza - varijanta 060', 'Utvrditi parametar brzine reakcije za eksperimentalni uslov 60.'),
(61, 'Neutralizacija hlorovodonicne kiseline natrijum hidroksidom - uzorak I160', 'neutralizacija - varijanta 061', 'Utvrditi parametar pH za eksperimentalni uslov 61.'),
(62, 'Redoks titracija kalijum permanganatom - uzorak J161', 'redoks titracija - varijanta 062', 'Utvrditi parametar koncentracije za eksperimentalni uslov 62.'),
(63, 'Odredjivanje koncentracije sircetne kiseline - uzorak K162', 'volumetrijska analiza - varijanta 063', 'Utvrditi parametar apsorbance za eksperimentalni uslov 63.'),
(64, 'Spektrofotometrijsko odredjivanje bakar(II) jona - uzorak L163', 'spektrofotometrija - varijanta 064', 'Utvrditi parametar provodljivosti za eksperimentalni uslov 64.'),
(65, 'Ispitivanje rastvorljivosti natrijum hlorida - uzorak M164', 'rastvorljivost - varijanta 065', 'Utvrditi parametar brzine reakcije za eksperimentalni uslov 65.'),
(66, 'Destilacija smese etanola i vode - uzorak N165', 'destilacija - varijanta 066', 'Utvrditi parametar pH za eksperimentalni uslov 66.'),
(67, 'Dokazivanje sulfata barijum hloridom - uzorak O166', 'precipitacija - varijanta 067', 'Utvrditi parametar koncentracije za eksperimentalni uslov 67.'),
(68, 'Kinetika razgradnje vodonik-peroksida - uzorak P167', 'hemijska kinetika - varijanta 068', 'Utvrditi parametar apsorbance za eksperimentalni uslov 68.'),
(69, 'Priprema acetatnog puferskog rastvora - uzorak Q168', 'puferski sistem - varijanta 069', 'Utvrditi parametar provodljivosti za eksperimentalni uslov 69.'),
(70, 'Elektroliza vodenog rastvora soli - uzorak R169', 'elektroliza - varijanta 070', 'Utvrditi parametar brzine reakcije za eksperimentalni uslov 70.'),
(71, 'Kompleksiranje gvozdje(III) jona - uzorak S170', 'kompleksiranje - varijanta 071', 'Utvrditi parametar pH za eksperimentalni uslov 71.'),
(72, 'Hromatografsko razdvajanje pigmenata - uzorak T171', 'hromatografija - varijanta 072', 'Utvrditi parametar koncentracije za eksperimentalni uslov 72.'),
(73, 'Odredjivanje provodljivosti elektrolita - uzorak U172', 'konduktometrija - varijanta 073', 'Utvrditi parametar apsorbance za eksperimentalni uslov 73.'),
(74, 'Termicko razlaganje kalcijum karbonata - uzorak V173', 'termicka analiza - varijanta 074', 'Utvrditi parametar provodljivosti za eksperimentalni uslov 74.'),
(75, 'Ispitivanje reakcije joda sa skrobom - uzorak W174', 'kvalitativna analiza - varijanta 075', 'Utvrditi parametar brzine reakcije za eksperimentalni uslov 75.'),
(76, 'Ekstrakcija kofeina iz vodenog rastvora - uzorak X175', 'ekstrakcija - varijanta 076', 'Utvrditi parametar pH za eksperimentalni uslov 76.'),
(77, 'Odredjivanje tvrdoce vode EDTA titracijom - uzorak Y176', 'kompleksometrijska titracija - varijanta 077', 'Utvrditi parametar koncentracije za eksperimentalni uslov 77.'),
(78, 'Pracenje pH promene tokom fermentacije - uzorak Z177', 'pH monitoring - varijanta 078', 'Utvrditi parametar apsorbance za eksperimentalni uslov 78.'),
(79, 'Odredjivanje askorbinske kiseline jodometrijom - uzorak A178', 'jodometrija - varijanta 079', 'Utvrditi parametar provodljivosti za eksperimentalni uslov 79.'),
(80, 'Sinteza bakar(II) kompleksa - uzorak B179', 'neorganska sinteza - varijanta 080', 'Utvrditi parametar brzine reakcije za eksperimentalni uslov 80.'),
(81, 'Neutralizacija hlorovodonicne kiseline natrijum hidroksidom - uzorak C180', 'neutralizacija - varijanta 081', 'Utvrditi parametar pH za eksperimentalni uslov 81.'),
(82, 'Redoks titracija kalijum permanganatom - uzorak D181', 'redoks titracija - varijanta 082', 'Utvrditi parametar koncentracije za eksperimentalni uslov 82.'),
(83, 'Odredjivanje koncentracije sircetne kiseline - uzorak E182', 'volumetrijska analiza - varijanta 083', 'Utvrditi parametar apsorbance za eksperimentalni uslov 83.'),
(84, 'Spektrofotometrijsko odredjivanje bakar(II) jona - uzorak F183', 'spektrofotometrija - varijanta 084', 'Utvrditi parametar provodljivosti za eksperimentalni uslov 84.'),
(85, 'Ispitivanje rastvorljivosti natrijum hlorida - uzorak G184', 'rastvorljivost - varijanta 085', 'Utvrditi parametar brzine reakcije za eksperimentalni uslov 85.'),
(86, 'Destilacija smese etanola i vode - uzorak H185', 'destilacija - varijanta 086', 'Utvrditi parametar pH za eksperimentalni uslov 86.'),
(87, 'Dokazivanje sulfata barijum hloridom - uzorak I186', 'precipitacija - varijanta 087', 'Utvrditi parametar koncentracije za eksperimentalni uslov 87.'),
(88, 'Kinetika razgradnje vodonik-peroksida - uzorak J187', 'hemijska kinetika - varijanta 088', 'Utvrditi parametar apsorbance za eksperimentalni uslov 88.'),
(89, 'Priprema acetatnog puferskog rastvora - uzorak K188', 'puferski sistem - varijanta 089', 'Utvrditi parametar provodljivosti za eksperimentalni uslov 89.'),
(90, 'Elektroliza vodenog rastvora soli - uzorak L189', 'elektroliza - varijanta 090', 'Utvrditi parametar brzine reakcije za eksperimentalni uslov 90.'),
(91, 'Kompleksiranje gvozdje(III) jona - uzorak M190', 'kompleksiranje - varijanta 091', 'Utvrditi parametar pH za eksperimentalni uslov 91.'),
(92, 'Hromatografsko razdvajanje pigmenata - uzorak N191', 'hromatografija - varijanta 092', 'Utvrditi parametar koncentracije za eksperimentalni uslov 92.'),
(93, 'Odredjivanje provodljivosti elektrolita - uzorak O192', 'konduktometrija - varijanta 093', 'Utvrditi parametar apsorbance za eksperimentalni uslov 93.'),
(94, 'Termicko razlaganje kalcijum karbonata - uzorak P193', 'termicka analiza - varijanta 094', 'Utvrditi parametar provodljivosti za eksperimentalni uslov 94.'),
(95, 'Ispitivanje reakcije joda sa skrobom - uzorak Q194', 'kvalitativna analiza - varijanta 095', 'Utvrditi parametar brzine reakcije za eksperimentalni uslov 95.'),
(96, 'Ekstrakcija kofeina iz vodenog rastvora - uzorak R195', 'ekstrakcija - varijanta 096', 'Utvrditi parametar pH za eksperimentalni uslov 96.'),
(97, 'Odredjivanje tvrdoce vode EDTA titracijom - uzorak S196', 'kompleksometrijska titracija - varijanta 097', 'Utvrditi parametar koncentracije za eksperimentalni uslov 97.'),
(98, 'Pracenje pH promene tokom fermentacije - uzorak T197', 'pH monitoring - varijanta 098', 'Utvrditi parametar apsorbance za eksperimentalni uslov 98.'),
(99, 'Odredjivanje askorbinske kiseline jodometrijom - uzorak U198', 'jodometrija - varijanta 099', 'Utvrditi parametar provodljivosti za eksperimentalni uslov 99.'),
(100, 'Sinteza bakar(II) kompleksa - uzorak V199', 'neorganska sinteza - varijanta 100', 'Utvrditi parametar brzine reakcije za eksperimentalni uslov 100.');

-- 8. LAB_RESURS
INSERT INTO lab_resurs(id_lab, id_resurs, kolicina) VALUES
(1, 7, 27.35),
(2, 14, 29.70),
(3, 21, 32.05),
(4, 28, 34.40),
(5, 35, 36.75),
(6, 42, 39.10),
(7, 49, 41.45),
(8, 56, 43.80),
(9, 63, 46.15),
(10, 70, 48.50),
(11, 77, 50.85),
(12, 84, 53.20),
(13, 91, 55.55),
(14, 98, 57.90),
(15, 5, 60.25),
(16, 12, 62.60),
(17, 19, 64.95),
(18, 26, 67.30),
(19, 33, 69.65),
(20, 40, 72.00),
(21, 47, 74.35),
(22, 54, 76.70),
(23, 61, 79.05),
(24, 68, 81.40),
(25, 75, 83.75),
(26, 82, 86.10),
(27, 89, 88.45),
(28, 96, 90.80),
(29, 3, 93.15),
(30, 10, 95.50),
(31, 17, 97.85),
(32, 24, 100.20),
(33, 31, 102.55),
(34, 38, 104.90),
(35, 45, 107.25),
(36, 52, 109.60),
(37, 59, 111.95),
(38, 66, 114.30),
(39, 73, 116.65),
(40, 80, 119.00),
(41, 87, 121.35),
(42, 94, 123.70),
(43, 1, 126.05),
(44, 8, 128.40),
(45, 15, 130.75),
(46, 22, 133.10),
(47, 29, 135.45),
(48, 36, 137.80),
(49, 43, 140.15),
(50, 50, 142.50),
(51, 57, 144.85),
(52, 64, 147.20),
(53, 71, 149.55),
(54, 78, 151.90),
(55, 85, 154.25),
(56, 92, 156.60),
(57, 99, 158.95),
(58, 6, 161.30),
(59, 13, 163.65),
(60, 20, 166.00),
(61, 27, 168.35),
(62, 34, 170.70),
(63, 41, 173.05),
(64, 48, 175.40),
(65, 55, 177.75),
(66, 62, 180.10),
(67, 69, 182.45),
(68, 76, 184.80),
(69, 83, 187.15),
(70, 90, 189.50),
(71, 97, 191.85),
(72, 4, 194.20),
(73, 11, 196.55),
(74, 18, 198.90),
(75, 25, 201.25),
(76, 32, 203.60),
(77, 39, 205.95),
(78, 46, 208.30),
(79, 53, 210.65),
(80, 60, 213.00),
(81, 67, 215.35),
(82, 74, 217.70),
(83, 81, 220.05),
(84, 88, 222.40),
(85, 95, 224.75),
(86, 2, 227.10),
(87, 9, 229.45),
(88, 16, 231.80),
(89, 23, 234.15),
(90, 30, 236.50),
(91, 37, 238.85),
(92, 44, 241.20),
(93, 51, 243.55),
(94, 58, 245.90),
(95, 65, 248.25),
(96, 72, 250.60),
(97, 79, 252.95),
(98, 86, 255.30),
(99, 93, 257.65),
(100, 100, 260.00);

-- 9. EKSPERIMENT_RESURS
INSERT INTO eksperiment_resurs(id_eksperiment, id_resurs) VALUES
(1, 3),
(2, 6),
(3, 9),
(4, 12),
(5, 15),
(6, 18),
(7, 21),
(8, 24),
(9, 27),
(10, 30),
(11, 33),
(12, 36),
(13, 39),
(14, 42),
(15, 45),
(16, 48),
(17, 51),
(18, 54),
(19, 57),
(20, 60),
(21, 63),
(22, 66),
(23, 69),
(24, 72),
(25, 75),
(26, 78),
(27, 81),
(28, 84),
(29, 87),
(30, 90),
(31, 93),
(32, 96),
(33, 99),
(34, 2),
(35, 5),
(36, 8),
(37, 11),
(38, 14),
(39, 17),
(40, 20),
(41, 23),
(42, 26),
(43, 29),
(44, 32),
(45, 35),
(46, 38),
(47, 41),
(48, 44),
(49, 47),
(50, 50),
(51, 53),
(52, 56),
(53, 59),
(54, 62),
(55, 65),
(56, 68),
(57, 71),
(58, 74),
(59, 77),
(60, 80),
(61, 83),
(62, 86),
(63, 89),
(64, 92),
(65, 95),
(66, 98),
(67, 1),
(68, 4),
(69, 7),
(70, 10),
(71, 13),
(72, 16),
(73, 19),
(74, 22),
(75, 25),
(76, 28),
(77, 31),
(78, 34),
(79, 37),
(80, 40),
(81, 43),
(82, 46),
(83, 49),
(84, 52),
(85, 55),
(86, 58),
(87, 61),
(88, 64),
(89, 67),
(90, 70),
(91, 73),
(92, 76),
(93, 79),
(94, 82),
(95, 85),
(96, 88),
(97, 91),
(98, 94),
(99, 97),
(100, 100);

-- 10. EKSPERIMENT_ALAT
INSERT INTO eksperiment_alat(id_eksperiment, id_alat) VALUES
(1, 5),
(2, 10),
(3, 15),
(4, 20),
(5, 25),
(6, 30),
(7, 35),
(8, 40),
(9, 45),
(10, 50),
(11, 55),
(12, 60),
(13, 65),
(14, 70),
(15, 75),
(16, 80),
(17, 85),
(18, 90),
(19, 95),
(20, 100),
(21, 5),
(22, 10),
(23, 15),
(24, 20),
(25, 25),
(26, 30),
(27, 35),
(28, 40),
(29, 45),
(30, 50),
(31, 55),
(32, 60),
(33, 65),
(34, 70),
(35, 75),
(36, 80),
(37, 85),
(38, 90),
(39, 95),
(40, 100),
(41, 5),
(42, 10),
(43, 15),
(44, 20),
(45, 25),
(46, 30),
(47, 35),
(48, 40),
(49, 45),
(50, 50),
(51, 55),
(52, 60),
(53, 65),
(54, 70),
(55, 75),
(56, 80),
(57, 85),
(58, 90),
(59, 95),
(60, 100),
(61, 5),
(62, 10),
(63, 15),
(64, 20),
(65, 25),
(66, 30),
(67, 35),
(68, 40),
(69, 45),
(70, 50),
(71, 55),
(72, 60),
(73, 65),
(74, 70),
(75, 75),
(76, 80),
(77, 85),
(78, 90),
(79, 95),
(80, 100),
(81, 5),
(82, 10),
(83, 15),
(84, 20),
(85, 25),
(86, 30),
(87, 35),
(88, 40),
(89, 45),
(90, 50),
(91, 55),
(92, 60),
(93, 65),
(94, 70),
(95, 75),
(96, 80),
(97, 85),
(98, 90),
(99, 95),
(100, 100);

-- 11. DIZAJNER
INSERT INTO dizajner(id_eksperiment, id_istrazivac) VALUES
(1, 11),
(2, 22),
(3, 33),
(4, 44),
(5, 55),
(6, 66),
(7, 77),
(8, 88),
(9, 99),
(10, 10),
(11, 21),
(12, 32),
(13, 43),
(14, 54),
(15, 65),
(16, 76),
(17, 87),
(18, 98),
(19, 9),
(20, 20),
(21, 31),
(22, 42),
(23, 53),
(24, 64),
(25, 75),
(26, 86),
(27, 97),
(28, 8),
(29, 19),
(30, 30),
(31, 41),
(32, 52),
(33, 63),
(34, 74),
(35, 85),
(36, 96),
(37, 7),
(38, 18),
(39, 29),
(40, 40),
(41, 51),
(42, 62),
(43, 73),
(44, 84),
(45, 95),
(46, 6),
(47, 17),
(48, 28),
(49, 39),
(50, 50),
(51, 61),
(52, 72),
(53, 83),
(54, 94),
(55, 5),
(56, 16),
(57, 27),
(58, 38),
(59, 49),
(60, 60),
(61, 71),
(62, 82),
(63, 93),
(64, 4),
(65, 15),
(66, 26),
(67, 37),
(68, 48),
(69, 59),
(70, 70),
(71, 81),
(72, 92),
(73, 3),
(74, 14),
(75, 25),
(76, 36),
(77, 47),
(78, 58),
(79, 69),
(80, 80),
(81, 91),
(82, 2),
(83, 13),
(84, 24),
(85, 35),
(86, 46),
(87, 57),
(88, 68),
(89, 79),
(90, 90),
(91, 1),
(92, 12),
(93, 23),
(94, 34),
(95, 45),
(96, 56),
(97, 67),
(98, 78),
(99, 89),
(100, 100);

-- 12. IZVODJENJE
INSERT INTO izvodjenje(id_eksperiment, id_lab, datum, status) VALUES
(1, 2, '2026-01-02', 'planirano'),
(2, 4, '2026-02-04', 'zapoceto'),
(3, 6, '2026-03-06', 'otkazano'),
(4, 8, '2026-04-08', 'zavrseno_uspesno'),
(5, 10, '2026-05-10', 'zavrseno_neuspesno'),
(6, 12, '2026-06-12', 'planirano'),
(7, 14, '2026-07-14', 'zapoceto'),
(8, 16, '2026-08-16', 'otkazano'),
(9, 18, '2026-09-18', 'zavrseno_uspesno'),
(10, 20, '2026-10-20', 'zavrseno_neuspesno'),
(11, 22, '2026-11-22', 'planirano'),
(12, 24, '2026-12-24', 'zapoceto'),
(13, 26, '2026-01-26', 'otkazano'),
(14, 28, '2026-02-28', 'zavrseno_uspesno'),
(15, 30, '2026-03-02', 'zavrseno_neuspesno'),
(16, 32, '2026-04-04', 'planirano'),
(17, 34, '2026-05-06', 'zapoceto'),
(18, 36, '2026-06-08', 'otkazano'),
(19, 38, '2026-07-10', 'zavrseno_uspesno'),
(20, 40, '2026-08-12', 'zavrseno_neuspesno'),
(21, 42, '2026-09-14', 'planirano'),
(22, 44, '2026-10-16', 'zapoceto'),
(23, 46, '2026-11-18', 'otkazano'),
(24, 48, '2026-12-20', 'zavrseno_uspesno'),
(25, 50, '2026-01-22', 'zavrseno_neuspesno'),
(26, 52, '2026-02-24', 'planirano'),
(27, 54, '2026-03-26', 'zapoceto'),
(28, 56, '2026-04-28', 'otkazano'),
(29, 58, '2026-05-02', 'zavrseno_uspesno'),
(30, 60, '2026-06-04', 'zavrseno_neuspesno'),
(31, 62, '2026-07-06', 'planirano'),
(32, 64, '2026-08-08', 'zapoceto'),
(33, 66, '2026-09-10', 'otkazano'),
(34, 68, '2026-10-12', 'zavrseno_uspesno'),
(35, 70, '2026-11-14', 'zavrseno_neuspesno'),
(36, 72, '2026-12-16', 'planirano'),
(37, 74, '2026-01-18', 'zapoceto'),
(38, 76, '2026-02-20', 'otkazano'),
(39, 78, '2026-03-22', 'zavrseno_uspesno'),
(40, 80, '2026-04-24', 'zavrseno_neuspesno'),
(41, 82, '2026-05-26', 'planirano'),
(42, 84, '2026-06-28', 'zapoceto'),
(43, 86, '2026-07-02', 'otkazano'),
(44, 88, '2026-08-04', 'zavrseno_uspesno'),
(45, 90, '2026-09-06', 'zavrseno_neuspesno'),
(46, 92, '2026-10-08', 'planirano'),
(47, 94, '2026-11-10', 'zapoceto'),
(48, 96, '2026-12-12', 'otkazano'),
(49, 98, '2026-01-14', 'zavrseno_uspesno'),
(50, 100, '2026-02-16', 'zavrseno_neuspesno'),
(51, 2, '2026-03-18', 'planirano'),
(52, 4, '2026-04-20', 'zapoceto'),
(53, 6, '2026-05-22', 'otkazano'),
(54, 8, '2026-06-24', 'zavrseno_uspesno'),
(55, 10, '2026-07-26', 'zavrseno_neuspesno'),
(56, 12, '2026-08-28', 'planirano'),
(57, 14, '2026-09-02', 'zapoceto'),
(58, 16, '2026-10-04', 'otkazano'),
(59, 18, '2026-11-06', 'zavrseno_uspesno'),
(60, 20, '2026-12-08', 'zavrseno_neuspesno'),
(61, 22, '2026-01-10', 'planirano'),
(62, 24, '2026-02-12', 'zapoceto'),
(63, 26, '2026-03-14', 'otkazano'),
(64, 28, '2026-04-16', 'zavrseno_uspesno'),
(65, 30, '2026-05-18', 'zavrseno_neuspesno'),
(66, 32, '2026-06-20', 'planirano'),
(67, 34, '2026-07-22', 'zapoceto'),
(68, 36, '2026-08-24', 'otkazano'),
(69, 38, '2026-09-26', 'zavrseno_uspesno'),
(70, 40, '2026-10-28', 'zavrseno_neuspesno'),
(71, 42, '2026-11-02', 'planirano'),
(72, 44, '2026-12-04', 'zapoceto'),
(73, 46, '2026-01-06', 'otkazano'),
(74, 48, '2026-02-08', 'zavrseno_uspesno'),
(75, 50, '2026-03-10', 'zavrseno_neuspesno'),
(76, 52, '2026-04-12', 'planirano'),
(77, 54, '2026-05-14', 'zapoceto'),
(78, 56, '2026-06-16', 'otkazano'),
(79, 58, '2026-07-18', 'zavrseno_uspesno'),
(80, 60, '2026-08-20', 'zavrseno_neuspesno'),
(81, 62, '2026-09-22', 'planirano'),
(82, 64, '2026-10-24', 'zapoceto'),
(83, 66, '2026-11-26', 'otkazano'),
(84, 68, '2026-12-28', 'zavrseno_uspesno'),
(85, 70, '2026-01-02', 'zavrseno_neuspesno'),
(86, 72, '2026-02-04', 'planirano'),
(87, 74, '2026-03-06', 'zapoceto'),
(88, 76, '2026-04-08', 'otkazano'),
(89, 78, '2026-05-10', 'zavrseno_uspesno'),
(90, 80, '2026-06-12', 'zavrseno_neuspesno'),
(91, 82, '2026-07-14', 'planirano'),
(92, 84, '2026-08-16', 'zapoceto'),
(93, 86, '2026-09-18', 'otkazano'),
(94, 88, '2026-10-20', 'zavrseno_uspesno'),
(95, 90, '2026-11-22', 'zavrseno_neuspesno'),
(96, 92, '2026-12-24', 'planirano'),
(97, 94, '2026-01-26', 'zapoceto'),
(98, 96, '2026-02-28', 'otkazano'),
(99, 98, '2026-03-02', 'zavrseno_uspesno'),
(100, 100, '2026-04-04', 'zavrseno_neuspesno');

-- 13. IZVODJAC
INSERT INTO izvodjac(id_izvodjenje, id_istrazivac, uloga, putanja_belesaka) VALUES
(1, 13, 'priprema standardnih rastvora - zadatak 001', '/beleske/hemija/neutralizacija_001.txt'),
(2, 26, 'rukovanje analitickom vagom - zadatak 002', '/beleske/hemija/redoks_titracija_002.txt'),
(3, 39, 'izvodjenje kiselo-bazne titracije - zadatak 003', '/beleske/hemija/volumetrijska_analiza_003.txt'),
(4, 52, 'vodjenje laboratorijskog dnevnika - zadatak 004', '/beleske/hemija/spektrofotometrija_004.txt'),
(5, 65, 'kontrola bezbednosti pri radu - zadatak 005', '/beleske/hemija/rastvorljivost_005.txt'),
(6, 78, 'spektrofotometrijsko merenje apsorbance - zadatak 006', '/beleske/hemija/destilacija_006.txt'),
(7, 91, 'priprema uzoraka za hromatografiju - zadatak 007', '/beleske/hemija/precipitacija_007.txt'),
(8, 4, 'obrada eksperimentalnih rezultata - zadatak 008', '/beleske/hemija/hemijska_kinetika_008.txt'),
(9, 17, 'nadzor nad temperaturom reakcije - zadatak 009', '/beleske/hemija/puferski_sistem_009.txt'),
(10, 30, 'kontrola kvaliteta dobijenih podataka - zadatak 010', '/beleske/hemija/elektroliza_010.txt'),
(11, 43, 'merenje provodljivosti rastvora - zadatak 011', '/beleske/hemija/kompleksiranje_011.txt'),
(12, 56, 'priprema puferskog sistema - zadatak 012', '/beleske/hemija/hromatografija_012.txt'),
(13, 69, 'filtracija i susenje taloga - zadatak 013', '/beleske/hemija/konduktometrija_013.txt'),
(14, 82, 'kalibracija pH elektrode - zadatak 014', '/beleske/hemija/termicka_analiza_014.txt'),
(15, 95, 'pracenje vremena reakcije - zadatak 015', '/beleske/hemija/kvalitativna_analiza_015.txt'),
(16, 8, 'rukovanje digestorom - zadatak 016', '/beleske/hemija/ekstrakcija_016.txt'),
(17, 21, 'priprema titracionog seta - zadatak 017', '/beleske/hemija/kompleksometrijska_titracija_017.txt'),
(18, 34, 'racunanje stehiometrijskih odnosa - zadatak 018', '/beleske/hemija/pH_monitoring_018.txt'),
(19, 47, 'evidencija potrosnje reagensa - zadatak 019', '/beleske/hemija/jodometrija_019.txt'),
(20, 60, 'priprema izvestaja o merenju - zadatak 020', '/beleske/hemija/neorganska_sinteza_020.txt'),
(21, 73, 'priprema standardnih rastvora - zadatak 021', '/beleske/hemija/neutralizacija_021.txt'),
(22, 86, 'rukovanje analitickom vagom - zadatak 022', '/beleske/hemija/redoks_titracija_022.txt'),
(23, 99, 'izvodjenje kiselo-bazne titracije - zadatak 023', '/beleske/hemija/volumetrijska_analiza_023.txt'),
(24, 12, 'vodjenje laboratorijskog dnevnika - zadatak 024', '/beleske/hemija/spektrofotometrija_024.txt'),
(25, 25, 'kontrola bezbednosti pri radu - zadatak 025', '/beleske/hemija/rastvorljivost_025.txt'),
(26, 38, 'spektrofotometrijsko merenje apsorbance - zadatak 026', '/beleske/hemija/destilacija_026.txt'),
(27, 51, 'priprema uzoraka za hromatografiju - zadatak 027', '/beleske/hemija/precipitacija_027.txt'),
(28, 64, 'obrada eksperimentalnih rezultata - zadatak 028', '/beleske/hemija/hemijska_kinetika_028.txt'),
(29, 77, 'nadzor nad temperaturom reakcije - zadatak 029', '/beleske/hemija/puferski_sistem_029.txt'),
(30, 90, 'kontrola kvaliteta dobijenih podataka - zadatak 030', '/beleske/hemija/elektroliza_030.txt'),
(31, 3, 'merenje provodljivosti rastvora - zadatak 031', '/beleske/hemija/kompleksiranje_031.txt'),
(32, 16, 'priprema puferskog sistema - zadatak 032', '/beleske/hemija/hromatografija_032.txt'),
(33, 29, 'filtracija i susenje taloga - zadatak 033', '/beleske/hemija/konduktometrija_033.txt'),
(34, 42, 'kalibracija pH elektrode - zadatak 034', '/beleske/hemija/termicka_analiza_034.txt'),
(35, 55, 'pracenje vremena reakcije - zadatak 035', '/beleske/hemija/kvalitativna_analiza_035.txt'),
(36, 68, 'rukovanje digestorom - zadatak 036', '/beleske/hemija/ekstrakcija_036.txt'),
(37, 81, 'priprema titracionog seta - zadatak 037', '/beleske/hemija/kompleksometrijska_titracija_037.txt'),
(38, 94, 'racunanje stehiometrijskih odnosa - zadatak 038', '/beleske/hemija/pH_monitoring_038.txt'),
(39, 7, 'evidencija potrosnje reagensa - zadatak 039', '/beleske/hemija/jodometrija_039.txt'),
(40, 20, 'priprema izvestaja o merenju - zadatak 040', '/beleske/hemija/neorganska_sinteza_040.txt'),
(41, 33, 'priprema standardnih rastvora - zadatak 041', '/beleske/hemija/neutralizacija_041.txt'),
(42, 46, 'rukovanje analitickom vagom - zadatak 042', '/beleske/hemija/redoks_titracija_042.txt'),
(43, 59, 'izvodjenje kiselo-bazne titracije - zadatak 043', '/beleske/hemija/volumetrijska_analiza_043.txt'),
(44, 72, 'vodjenje laboratorijskog dnevnika - zadatak 044', '/beleske/hemija/spektrofotometrija_044.txt'),
(45, 85, 'kontrola bezbednosti pri radu - zadatak 045', '/beleske/hemija/rastvorljivost_045.txt'),
(46, 98, 'spektrofotometrijsko merenje apsorbance - zadatak 046', '/beleske/hemija/destilacija_046.txt'),
(47, 11, 'priprema uzoraka za hromatografiju - zadatak 047', '/beleske/hemija/precipitacija_047.txt'),
(48, 24, 'obrada eksperimentalnih rezultata - zadatak 048', '/beleske/hemija/hemijska_kinetika_048.txt'),
(49, 37, 'nadzor nad temperaturom reakcije - zadatak 049', '/beleske/hemija/puferski_sistem_049.txt'),
(50, 50, 'kontrola kvaliteta dobijenih podataka - zadatak 050', '/beleske/hemija/elektroliza_050.txt'),
(51, 63, 'merenje provodljivosti rastvora - zadatak 051', '/beleske/hemija/kompleksiranje_051.txt'),
(52, 76, 'priprema puferskog sistema - zadatak 052', '/beleske/hemija/hromatografija_052.txt'),
(53, 89, 'filtracija i susenje taloga - zadatak 053', '/beleske/hemija/konduktometrija_053.txt'),
(54, 2, 'kalibracija pH elektrode - zadatak 054', '/beleske/hemija/termicka_analiza_054.txt'),
(55, 15, 'pracenje vremena reakcije - zadatak 055', '/beleske/hemija/kvalitativna_analiza_055.txt'),
(56, 28, 'rukovanje digestorom - zadatak 056', '/beleske/hemija/ekstrakcija_056.txt'),
(57, 41, 'priprema titracionog seta - zadatak 057', '/beleske/hemija/kompleksometrijska_titracija_057.txt'),
(58, 54, 'racunanje stehiometrijskih odnosa - zadatak 058', '/beleske/hemija/pH_monitoring_058.txt'),
(59, 67, 'evidencija potrosnje reagensa - zadatak 059', '/beleske/hemija/jodometrija_059.txt'),
(60, 80, 'priprema izvestaja o merenju - zadatak 060', '/beleske/hemija/neorganska_sinteza_060.txt'),
(61, 93, 'priprema standardnih rastvora - zadatak 061', '/beleske/hemija/neutralizacija_061.txt'),
(62, 6, 'rukovanje analitickom vagom - zadatak 062', '/beleske/hemija/redoks_titracija_062.txt'),
(63, 19, 'izvodjenje kiselo-bazne titracije - zadatak 063', '/beleske/hemija/volumetrijska_analiza_063.txt'),
(64, 32, 'vodjenje laboratorijskog dnevnika - zadatak 064', '/beleske/hemija/spektrofotometrija_064.txt'),
(65, 45, 'kontrola bezbednosti pri radu - zadatak 065', '/beleske/hemija/rastvorljivost_065.txt'),
(66, 58, 'spektrofotometrijsko merenje apsorbance - zadatak 066', '/beleske/hemija/destilacija_066.txt'),
(67, 71, 'priprema uzoraka za hromatografiju - zadatak 067', '/beleske/hemija/precipitacija_067.txt'),
(68, 84, 'obrada eksperimentalnih rezultata - zadatak 068', '/beleske/hemija/hemijska_kinetika_068.txt'),
(69, 97, 'nadzor nad temperaturom reakcije - zadatak 069', '/beleske/hemija/puferski_sistem_069.txt'),
(70, 10, 'kontrola kvaliteta dobijenih podataka - zadatak 070', '/beleske/hemija/elektroliza_070.txt'),
(71, 23, 'merenje provodljivosti rastvora - zadatak 071', '/beleske/hemija/kompleksiranje_071.txt'),
(72, 36, 'priprema puferskog sistema - zadatak 072', '/beleske/hemija/hromatografija_072.txt'),
(73, 49, 'filtracija i susenje taloga - zadatak 073', '/beleske/hemija/konduktometrija_073.txt'),
(74, 62, 'kalibracija pH elektrode - zadatak 074', '/beleske/hemija/termicka_analiza_074.txt'),
(75, 75, 'pracenje vremena reakcije - zadatak 075', '/beleske/hemija/kvalitativna_analiza_075.txt'),
(76, 88, 'rukovanje digestorom - zadatak 076', '/beleske/hemija/ekstrakcija_076.txt'),
(77, 1, 'priprema titracionog seta - zadatak 077', '/beleske/hemija/kompleksometrijska_titracija_077.txt'),
(78, 14, 'racunanje stehiometrijskih odnosa - zadatak 078', '/beleske/hemija/pH_monitoring_078.txt'),
(79, 27, 'evidencija potrosnje reagensa - zadatak 079', '/beleske/hemija/jodometrija_079.txt'),
(80, 40, 'priprema izvestaja o merenju - zadatak 080', '/beleske/hemija/neorganska_sinteza_080.txt'),
(81, 53, 'priprema standardnih rastvora - zadatak 081', '/beleske/hemija/neutralizacija_081.txt'),
(82, 66, 'rukovanje analitickom vagom - zadatak 082', '/beleske/hemija/redoks_titracija_082.txt'),
(83, 79, 'izvodjenje kiselo-bazne titracije - zadatak 083', '/beleske/hemija/volumetrijska_analiza_083.txt'),
(84, 92, 'vodjenje laboratorijskog dnevnika - zadatak 084', '/beleske/hemija/spektrofotometrija_084.txt'),
(85, 5, 'kontrola bezbednosti pri radu - zadatak 085', '/beleske/hemija/rastvorljivost_085.txt'),
(86, 18, 'spektrofotometrijsko merenje apsorbance - zadatak 086', '/beleske/hemija/destilacija_086.txt'),
(87, 31, 'priprema uzoraka za hromatografiju - zadatak 087', '/beleske/hemija/precipitacija_087.txt'),
(88, 44, 'obrada eksperimentalnih rezultata - zadatak 088', '/beleske/hemija/hemijska_kinetika_088.txt'),
(89, 57, 'nadzor nad temperaturom reakcije - zadatak 089', '/beleske/hemija/puferski_sistem_089.txt'),
(90, 70, 'kontrola kvaliteta dobijenih podataka - zadatak 090', '/beleske/hemija/elektroliza_090.txt'),
(91, 83, 'merenje provodljivosti rastvora - zadatak 091', '/beleske/hemija/kompleksiranje_091.txt'),
(92, 96, 'priprema puferskog sistema - zadatak 092', '/beleske/hemija/hromatografija_092.txt'),
(93, 9, 'filtracija i susenje taloga - zadatak 093', '/beleske/hemija/konduktometrija_093.txt'),
(94, 22, 'kalibracija pH elektrode - zadatak 094', '/beleske/hemija/termicka_analiza_094.txt'),
(95, 35, 'pracenje vremena reakcije - zadatak 095', '/beleske/hemija/kvalitativna_analiza_095.txt'),
(96, 48, 'rukovanje digestorom - zadatak 096', '/beleske/hemija/ekstrakcija_096.txt'),
(97, 61, 'priprema titracionog seta - zadatak 097', '/beleske/hemija/kompleksometrijska_titracija_097.txt'),
(98, 74, 'racunanje stehiometrijskih odnosa - zadatak 098', '/beleske/hemija/pH_monitoring_098.txt'),
(99, 87, 'evidencija potrosnje reagensa - zadatak 099', '/beleske/hemija/jodometrija_099.txt'),
(100, 100, 'priprema izvestaja o merenju - zadatak 100', '/beleske/hemija/neorganska_sinteza_100.txt');

-- 14. SESIJA
INSERT INTO sesija(id_izvodjenje, datum, vreme_pocetka, vreme_zavrsetka) VALUES
(1, '2026-01-02', '08:00:00', '09:30:00'),
(2, '2026-02-04', '09:00:00', '10:30:00'),
(3, '2026-03-06', '10:00:00', '11:30:00'),
(4, '2026-04-08', '11:00:00', '12:30:00'),
(5, '2026-05-10', '12:00:00', '13:30:00'),
(6, '2026-06-12', '13:00:00', '14:30:00'),
(7, '2026-07-14', '14:00:00', '15:30:00'),
(8, '2026-08-16', '15:00:00', '16:30:00'),
(9, '2026-09-18', '08:00:00', '09:30:00'),
(10, '2026-10-20', '09:00:00', '10:30:00'),
(11, '2026-11-22', '10:00:00', '11:30:00'),
(12, '2026-12-24', '11:00:00', '12:30:00'),
(13, '2026-01-26', '12:00:00', '13:30:00'),
(14, '2026-02-28', '13:00:00', '14:30:00'),
(15, '2026-03-02', '14:00:00', '15:30:00'),
(16, '2026-04-04', '15:00:00', '16:30:00'),
(17, '2026-05-06', '08:00:00', '09:30:00'),
(18, '2026-06-08', '09:00:00', '10:30:00'),
(19, '2026-07-10', '10:00:00', '11:30:00'),
(20, '2026-08-12', '11:00:00', '12:30:00'),
(21, '2026-09-14', '12:00:00', '13:30:00'),
(22, '2026-10-16', '13:00:00', '14:30:00'),
(23, '2026-11-18', '14:00:00', '15:30:00'),
(24, '2026-12-20', '15:00:00', '16:30:00'),
(25, '2026-01-22', '08:00:00', '09:30:00'),
(26, '2026-02-24', '09:00:00', '10:30:00'),
(27, '2026-03-26', '10:00:00', '11:30:00'),
(28, '2026-04-28', '11:00:00', '12:30:00'),
(29, '2026-05-02', '12:00:00', '13:30:00'),
(30, '2026-06-04', '13:00:00', '14:30:00'),
(31, '2026-07-06', '14:00:00', '15:30:00'),
(32, '2026-08-08', '15:00:00', '16:30:00'),
(33, '2026-09-10', '08:00:00', '09:30:00'),
(34, '2026-10-12', '09:00:00', '10:30:00'),
(35, '2026-11-14', '10:00:00', '11:30:00'),
(36, '2026-12-16', '11:00:00', '12:30:00'),
(37, '2026-01-18', '12:00:00', '13:30:00'),
(38, '2026-02-20', '13:00:00', '14:30:00'),
(39, '2026-03-22', '14:00:00', '15:30:00'),
(40, '2026-04-24', '15:00:00', '16:30:00'),
(41, '2026-05-26', '08:00:00', '09:30:00'),
(42, '2026-06-28', '09:00:00', '10:30:00'),
(43, '2026-07-02', '10:00:00', '11:30:00'),
(44, '2026-08-04', '11:00:00', '12:30:00'),
(45, '2026-09-06', '12:00:00', '13:30:00'),
(46, '2026-10-08', '13:00:00', '14:30:00'),
(47, '2026-11-10', '14:00:00', '15:30:00'),
(48, '2026-12-12', '15:00:00', '16:30:00'),
(49, '2026-01-14', '08:00:00', '09:30:00'),
(50, '2026-02-16', '09:00:00', '10:30:00'),
(51, '2026-03-18', '10:00:00', '11:30:00'),
(52, '2026-04-20', '11:00:00', '12:30:00'),
(53, '2026-05-22', '12:00:00', '13:30:00'),
(54, '2026-06-24', '13:00:00', '14:30:00'),
(55, '2026-07-26', '14:00:00', '15:30:00'),
(56, '2026-08-28', '15:00:00', '16:30:00'),
(57, '2026-09-02', '08:00:00', '09:30:00'),
(58, '2026-10-04', '09:00:00', '10:30:00'),
(59, '2026-11-06', '10:00:00', '11:30:00'),
(60, '2026-12-08', '11:00:00', '12:30:00'),
(61, '2026-01-10', '12:00:00', '13:30:00'),
(62, '2026-02-12', '13:00:00', '14:30:00'),
(63, '2026-03-14', '14:00:00', '15:30:00'),
(64, '2026-04-16', '15:00:00', '16:30:00'),
(65, '2026-05-18', '08:00:00', '09:30:00'),
(66, '2026-06-20', '09:00:00', '10:30:00'),
(67, '2026-07-22', '10:00:00', '11:30:00'),
(68, '2026-08-24', '11:00:00', '12:30:00'),
(69, '2026-09-26', '12:00:00', '13:30:00'),
(70, '2026-10-28', '13:00:00', '14:30:00'),
(71, '2026-11-02', '14:00:00', '15:30:00'),
(72, '2026-12-04', '15:00:00', '16:30:00'),
(73, '2026-01-06', '08:00:00', '09:30:00'),
(74, '2026-02-08', '09:00:00', '10:30:00'),
(75, '2026-03-10', '10:00:00', '11:30:00'),
(76, '2026-04-12', '11:00:00', '12:30:00'),
(77, '2026-05-14', '12:00:00', '13:30:00'),
(78, '2026-06-16', '13:00:00', '14:30:00'),
(79, '2026-07-18', '14:00:00', '15:30:00'),
(80, '2026-08-20', '15:00:00', '16:30:00'),
(81, '2026-09-22', '08:00:00', '09:30:00'),
(82, '2026-10-24', '09:00:00', '10:30:00'),
(83, '2026-11-26', '10:00:00', '11:30:00'),
(84, '2026-12-28', '11:00:00', '12:30:00'),
(85, '2026-01-02', '12:00:00', '13:30:00'),
(86, '2026-02-04', '13:00:00', '14:30:00'),
(87, '2026-03-06', '14:00:00', '15:30:00'),
(88, '2026-04-08', '15:00:00', '16:30:00'),
(89, '2026-05-10', '08:00:00', '09:30:00'),
(90, '2026-06-12', '09:00:00', '10:30:00'),
(91, '2026-07-14', '10:00:00', '11:30:00'),
(92, '2026-08-16', '11:00:00', '12:30:00'),
(93, '2026-09-18', '12:00:00', '13:30:00'),
(94, '2026-10-20', '13:00:00', '14:30:00'),
(95, '2026-11-22', '14:00:00', '15:30:00'),
(96, '2026-12-24', '15:00:00', '16:30:00'),
(97, '2026-01-26', '08:00:00', '09:30:00'),
(98, '2026-02-28', '09:00:00', '10:30:00'),
(99, '2026-03-02', '10:00:00', '11:30:00'),
(100, '2026-04-04', '11:00:00', '12:30:00');

-- Pogled: pregled_eksperimenata_istrazivaca
-- Prikazuje eksperimente po istraživaču zajedno sa laboratorijom,
-- statusom izvođenja i brojem sesija.
-- Uvodi se da podrži formu za pregled planiranih i izrađenih eksperimenata
-- iz ugla istraživača.
CREATE VIEW pregled_eksperimenata_istrazivaca AS
SELECT
    i.id_istrazivac,
    i.ime,
    i.prezime,
    e.naziv AS naziv_eksperimenta,
    e.tip AS tip_eksperimenta,
    l.naziv AS laboratorija,
    iv.status,
    COUNT(s.id_sesija) AS broj_sesija
FROM istrazivac i
JOIN izvodjac iz
    ON i.id_istrazivac = iz.id_istrazivac
JOIN izvodjenje iv
    ON iz.id_izvodjenje = iv.id_izvodjenje
JOIN eksperiment e
    ON iv.id_eksperiment = e.id_eksperiment
JOIN laboratorija l
    ON iv.id_lab = l.id_lab
JOIN sesija s
    ON s.id_izvodjenje = iv.id_izvodjenje
GROUP BY
    i.id_istrazivac,
    i.ime,
    i.prezime,
    e.naziv,
    e.tip,
    l.naziv,
    iv.status
HAVING COUNT(s.id_sesija) >= 1;

-- SELECT * FROM pregled_eksperimenata_istrazivaca;

-- Procedura: obrisi_sesiju_istrazivaca
-- Procedura proverava da li određeni istraživač učestvuje u izvođenju
-- za koje je zakazana sesija. Ako učestvuje, sesija se briše, a status
-- izvođenja se menja u 'otkazano'. Uvodi se da podrži formu za brisanje
-- sesije iz ugla istraživača.
-- Transakcija se koristi da bi se obe izmene izvršile zajedno ili nijedna.

DELIMITER $$
CREATE PROCEDURE obrisi_sesiju_istrazivaca(
    IN p_id_sesija INT,
    IN p_id_istrazivac INT
)
BEGIN
    DECLARE v_id_izvodjenje INT;
    DECLARE v_broj INT;

    DECLARE EXIT HANDLER FOR SQLEXCEPTION
    BEGIN
        ROLLBACK;
        SELECT 'Doslo je do greske. Transakcija je ponistena.' AS poruka;
    END;

    START TRANSACTION;

    SELECT id_izvodjenje
    INTO v_id_izvodjenje
    FROM sesija
    WHERE id_sesija = p_id_sesija;

    SELECT COUNT(*)
    INTO v_broj
    FROM izvodjac
    WHERE id_izvodjenje = v_id_izvodjenje
      AND id_istrazivac = p_id_istrazivac;

    IF v_broj > 0 THEN

        DELETE FROM sesija
        WHERE id_sesija = p_id_sesija;

        UPDATE izvodjenje
        SET status = 'otkazano'
        WHERE id_izvodjenje = v_id_izvodjenje;

        COMMIT;

        SELECT 'Sesija je uspesno obrisana.' AS poruka;

    ELSE

        ROLLBACK;

        SELECT 'Brisanje nije dozvoljeno: istrazivac ne ucestvuje u toj sesiji.' AS poruka;

    END IF;

END $$
DELIMITER ;
-- CALL obrisi_sesiju_istrazivaca(1, 13);
-- INSERT INTO sesija(id_sesija, id_izvodjenje, datum, vreme_pocetka, vreme_zavrsetka)
-- VALUES (1, 1, '2026-01-02', '08:00:00', '09:30:00');
-- UPDATE izvodjenje SET status = 'planirano' WHERE id_izvodjenje = 1;


-- Funkcija: broj_sesija_istrazivaca
-- Vraća broj sesija u kojima učestvuje određeni istraživač.
-- Uvodi se da bi aplikacija mogla brzo da prikaže opterećenje istraživača
-- kroz broj zakazanih ili realizovanih sesija.
DELIMITER $$
CREATE FUNCTION broj_sesija_istrazivaca(
    p_id_istrazivac INT
)
RETURNS INT
DETERMINISTIC
BEGIN
    DECLARE v_broj_sesija INT;

    SELECT COUNT(s.id_sesija)
    INTO v_broj_sesija
    FROM izvodjac iz
    JOIN sesija s
        ON iz.id_izvodjenje = s.id_izvodjenje
    WHERE iz.id_istrazivac = p_id_istrazivac;

    RETURN v_broj_sesija;
END $$
DELIMITER ;
-- SELECT broj_sesija_istrazivaca(1);


-- Funkcija: test_broj_sesija_istrazivaca
-- Testira funkciju broj_sesija_istrazivaca za 5 različitih ulaza.
-- Vraća TRUE ako svi rezultati su >= 0 (validni), FALSE ako nije.
DELIMITER $$
CREATE FUNCTION test_broj_sesija_istrazivaca()
RETURNS VARCHAR(5)
DETERMINISTIC
BEGIN
    DECLARE v_rezultat INT;
    DECLARE v_prosao BOOLEAN DEFAULT TRUE;

    SET v_rezultat = broj_sesija_istrazivaca(1);
    IF v_rezultat < 0 THEN SET v_prosao = FALSE; END IF;

    SET v_rezultat = broj_sesija_istrazivaca(13);
    IF v_rezultat < 0 THEN SET v_prosao = FALSE; END IF;

    SET v_rezultat = broj_sesija_istrazivaca(26);
    IF v_rezultat < 0 THEN SET v_prosao = FALSE; END IF;

    SET v_rezultat = broj_sesija_istrazivaca(50);
    IF v_rezultat < 0 THEN SET v_prosao = FALSE; END IF;

    SET v_rezultat = broj_sesija_istrazivaca(100);
    IF v_rezultat < 0 THEN SET v_prosao = FALSE; END IF;

    IF v_prosao THEN
        RETURN 'TRUE';
    ELSE
        RETURN 'FALSE';
    END IF;

END $$
DELIMITER ;
-- SELECT test_broj_sesija_istrazivaca();